product_id,title,price,min_order,sold_count,detail_url,image_url,raw_price_text
f4KCYQ2LN2dhxWoZx,JS1001-JS1005绝命毒师外贸跨境电影系列拼装袋装积木人仔玩具,¥3,,已售2.2万+件,,https://cbu01.alicdn.com/img/ibank/O1CN01f4KCYQ2LN2dhxWoZx_!!2219391729679-0-cib.310x310.jpg,¥3
ujyYre2LN2dtiSVDs,TK121-126 战锤禁军天鹰终结者拼装积木人仔玩具,¥6,,已售700+件,,https://cbu01.alicdn.com/img/ibank/O1CN01ujyYre2LN2dtiSVDs_!!2219391729679-0-cib.310x310.jpg,¥6
bG2QbF2LN2Zq1Qk4s,外贸专供WM6170套装拼装积木人仔游戏系列玩具袋装,¥3,,已售600+件,,https://cbu01.alicdn.com/img/ibank/O1CN01bG2QbF2LN2Zq1Qk4s_!!2219391729679-0-cib.310x310.jpg,¥3
Sl8kBs2LN2c9UqepR,MB1025绝命毒师小粉杰西平克曼外贸跨境电影系列拼装袋装积木人仔,¥3,,已售2500+件,,https://cbu01.alicdn.com/img/ibank/O1CN01Sl8kBs2LN2c9UqepR_!!2219391729679-0-cib.310x310.jpg,¥3
pWKeCP2LN2bcZOFYm,MB1001-MB1005美剧办公室外贸跨境电影系列拼装袋装积木人,¥3,,已售2000+件,,https://cbu01.alicdn.com/img/ibank/O1CN01pWKeCP2LN2bcZOFYm_!!2219391729679-0-cib.310x310.jpg,¥3
ZT6VEI2LN2d6sS0tV,MB2004星战阿纳金天行者袋装积木人仔,¥3,,已售300+件,,https://cbu01.alicdn.com/img/ibank/O1CN01ZT6VEI2LN2d6sS0tV_!!2219391729679-0-cib.310x310.jpg,¥3
Fuqqp22LN2cztYPgL,MB1028 MB1029美剧绝命毒师风骚律师拉洛赫克托萨拉曼卡人仔积木,¥3,,已售1000+件,,https://cbu01.alicdn.com/img/ibank/O1CN01Fuqqp22LN2cztYPgL_!!2219391729679-0-cib.310x310.jpg,¥3
Q47IQ92LN2Zqqsqre,外贸货品WM6097拼装积木人仔启蒙玩具袋装,¥4,,已售800+件,,https://cbu01.alicdn.com/img/ibank/O1CN01Q47IQ92LN2Zqqsqre_!!2219391729679-0-cib.310x310.jpg,¥4
DOE6uB2LN2dbcayQi,将牌大人仔袋装积木鳄鱼D173,¥25,,已售400+件,,https://cbu01.alicdn.com/img/ibank/O1CN01DOE6uB2LN2dbcayQi_!!2219391729679-0-cib.310x310.jpg,¥25
Lphc942LN2dMYbDIC,AIP24-1—AIP24-3 积木人仔拼装玩具,¥5,,已售200+件,,https://cbu01.alicdn.com/img/ibank/O1CN01Lphc942LN2dMYbDIC_!!2219391729679-0-cib.310x310.jpg,¥5
te0MMF2LN2cKpzuN9,MB2001 MB2002 MB2003星战达斯德索洛斯基特外贸跨境积木袋装人仔,¥3,,已售1300+件,,https://cbu01.alicdn.com/img/ibank/O1CN01te0MMF2LN2cKpzuN9_!!2219391729679-0-cib.310x310.jpg,¥3
wnkOl92LN2cdJW6ux,MB1006 MB1007 美剧办公室袋装积木人仔,¥3,,已售1300+件,,https://cbu01.alicdn.com/img/ibank/O1CN01wnkOl92LN2cdJW6ux_!!2219391729679-0-cib.310x310.jpg,¥3
6m095u2LN2bqEOhaS,奎托斯人仔EV积木奥林匹斯之刃德罗普尼尔长矛玩具FT16-19,¥3,,已售700+件,,https://cbu01.alicdn.com/img/ibank/O1CN016m095u2LN2bqEOhaS_!!2219391729679-0-cib.310x310.jpg,¥3
VxefI02LN2YtUf2Ns,奎托斯人仔EV积木游戏混沌之刃利维坦之斧EV03 EV04玩具袋装,¥3,,已售500+件,,https://cbu01.alicdn.com/img/ibank/O1CN01VxefI02LN2YtUf2Ns_!!2219391729679-0-cib.310x310.jpg,¥3
bIsQTd2LN2cj3qsar,MB1008 MB1015 MB1016美剧办公室袋装积木人仔,¥3,,已售700+件,,https://cbu01.alicdn.com/img/ibank/O1CN01bIsQTd2LN2cj3qsar_!!2219391729679-0-cib.310x310.jpg,¥3
vT7Her2LN2cdhRNr0,MB0006-MB0012 和平使者袋装积木人仔,¥3,,已售1400+件,,https://cbu01.alicdn.com/img/ibank/O1CN01vT7Her2LN2cdhRNr0_!!2219391729679-0-cib.310x310.jpg,¥3
ClwyOp2LN2cBeuRW1,YL001-YL004中世纪贵族骑士拼装积木人仔玩具,¥4,,已售500+件,,https://cbu01.alicdn.com/img/ibank/O1CN01ClwyOp2LN2cBeuRW1_!!2219391729679-0-cib.310x310.jpg,¥4
WURbks2LN2dkPz4zt,GG009 GG010中世纪盔甲战士第三方积木人仔,¥7,,已售80+件,,https://cbu01.alicdn.com/img/ibank/O1CN01WURbks2LN2dkPz4zt_!!2219391729679-0-cib.310x310.jpg,¥7
61ZpV82LN2dq191p7,MB2006 星战普罗拼装积木人仔玩具,¥5,,已售10+件,,https://cbu01.alicdn.com/img/ibank/O1CN0161ZpV82LN2dq191p7_!!2219391729679-0-cib.310x310.jpg,¥5
KHaKZK2LN2coAunkF,AIP1011忍者神龟施莱德积木人仔电影动漫第三方人仔,¥6,,已售90+件,,https://cbu01.alicdn.com/img/ibank/O1CN01KHaKZK2LN2coAunkF_!!2219391729679-0-cib.310x310.jpg,¥6
ZQyapn2LN2cEOGqzE,中古YL007 YL008中世纪民兵士兵拼装积木人仔玩具,¥4,,已售700+件,,https://cbu01.alicdn.com/img/ibank/O1CN01ZQyapn2LN2cEOGqzE_!!2219391729679-0-cib.310x310.jpg,¥4
w0WQG82LN2ZAHQ6Gk,剪刀手爱德华电影积木人仔儿童益智外贸拼装玩具袋装FT14 FT15,¥4,,已售500+件,,https://cbu01.alicdn.com/img/ibank/O1CN01w0WQG82LN2ZAHQ6Gk_!!2219391729679-0-cib.310x310.jpg,¥4
HvuNQe2LN2dqHiqhU,MB2005 MB2006星战领袖史诺克 普罗拼装积木人仔玩具,¥3,,已售100+件,,https://cbu01.alicdn.com/img/ibank/O1CN01HvuNQe2LN2dqHiqhU_!!2219391729679-0-cib.310x310.jpg,¥3
QFC0hN2LN2dpiFGtt,MB2005星战领袖史诺克拼装积木人仔玩具,¥3,,已售30+件,,https://cbu01.alicdn.com/img/ibank/O1CN01QFC0hN2LN2dpiFGtt_!!2219391729679-0-cib.310x310.jpg,¥3
y6qyYA2LN2cj3sDqd,MB1013-MB1018 美剧办公室袋装积木人仔,¥21,,已售80+件,,https://cbu01.alicdn.com/img/ibank/O1CN01y6qyYA2LN2cj3sDqd_!!2219391729679-0-cib.310x310.jpg,¥21
hXA7GM2LN2cfEfLLv,FT20-23万神节恐怖电影养鬼吃人积木人仔钉子头益智外贸拼装玩具,¥4,,已售100+件,,https://cbu01.alicdn.com/img/ibank/O1CN01hXA7GM2LN2cfEfLLv_!!2219391729679-0-cib.310x310.jpg,¥4
JTu9om2LN2Z9OQCQ1,外贸货品WM6074拼装积木人仔游戏系列玩具袋装,¥4,,已售700+件,,https://cbu01.alicdn.com/img/ibank/O1CN01JTu9om2LN2Z9OQCQ1_!!2219391729679-0-cib.310x310.jpg,¥4
m4tkAD2LN2d5WeACR,AIP3-1—AIP3-6幻影忍者便装忍者劳埃德晴美杰妮雅罗比野火积木人,¥3,,已售100+件,,https://cbu01.alicdn.com/img/ibank/O1CN01m4tkAD2LN2d5WeACR_!!2219391729679-0-cib.310x310.jpg,¥3
XeHik12LN2dOg0D4f,GP105-108剑风传奇拼装积木人仔玩具,¥5,,已售60+件,,https://cbu01.alicdn.com/img/ibank/O1CN01XeHik12LN2dOg0D4f_!!2219391729679-0-cib.310x310.jpg,¥5
fJ8F8Z2LN2d1P90ZI,YL009 YL010 双手斧骑士 勃艮第巨盾矛兵拼装积木人仔玩具,¥4,,已售200+件,,https://cbu01.alicdn.com/img/ibank/O1CN01fJ8F8Z2LN2d1P90ZI_!!2219391729679-0-cib.310x310.jpg,¥4
XvsR1N2LN2cKnKDBS,MB2003星战基特费斯托外贸跨境积木袋装人仔,¥4,,已售500+件,,https://cbu01.alicdn.com/img/ibank/O1CN01XvsR1N2LN2cKnKDBS_!!2219391729679-0-cib.310x310.jpg,¥4
7zxpp02LN2cAvLkcn,中古YL005 YL006中世纪民兵士兵拼装积木人仔玩具,¥4,,已售200+件,,https://cbu01.alicdn.com/img/ibank/O1CN017zxpp02LN2cAvLkcn_!!2219391729679-0-cib.310x310.jpg,¥4
5F1bD42LN2Z3TsZLa,WM6086儿童拼装积木人仔玩具 外贸 混批,¥3,,已售2000+件,,https://cbu01.alicdn.com/img/ibank/O1CN015F1bD42LN2Z3TsZLa_!!2219391729679-0-cib.310x310.jpg,¥3
oNnNxm2LN2dURo8aR,AF356-359电影周边绿色巨人第三方益智拼装积木人仔玩具,¥7,,,,https://cbu01.alicdn.com/img/ibank/O1CN01oNnNxm2LN2dURo8aR_!!2219391729679-0-cib.310x310.jpg,¥7
4CarvQ2LN2d0RG7iN,AF352-355电影周边绿色巨人第三方益智拼装积木大人仔玩具,¥7,,已售50+件,,https://cbu01.alicdn.com/img/ibank/O1CN014CarvQ2LN2d0RG7iN_!!2219391729679-0-cib.310x310.jpg,¥7
wd21tY2LN2cmIpnr5,YLT001-004 优乐雪地德军军事积木袋装人仔,¥3,,已售1600+件,,https://cbu01.alicdn.com/img/ibank/O1CN01wd21tY2LN2cmIpnr5_!!2219391729679-0-cib.310x310.jpg,¥3
kPklWQ2LN2cimYjeK,MB1006-MB1012 美剧办公室袋装积木人仔,¥24,,已售80+件,,https://cbu01.alicdn.com/img/ibank/O1CN01kPklWQ2LN2cimYjeK_!!2219391729679-0-cib.310x310.jpg,¥24
L22AVv2LN2cnpNeXE,AIP1010幻影忍者野火人仔怀尔德菲尔野火PAD双面印积木人仔,¥4,,已售30+件,,https://cbu01.alicdn.com/img/ibank/O1CN01L22AVv2LN2cnpNeXE_!!2219391729679-0-cib.310x310.jpg,¥4
S2yNPP2LN2cbJzy8q,外贸专供中古YL011-012中世纪民兵士兵拼装积木人仔玩具,¥4,,已售200+件,,https://cbu01.alicdn.com/img/ibank/O1CN01S2yNPP2LN2cbJzy8q_!!2219391729679-0-cib.310x310.jpg,¥4
o55CGJ2LN2bdCjNzn,MB1002 MB1005美剧办公室德怀特外贸跨境电影系列拼装袋装积木人,¥4,,已售1400+件,,https://cbu01.alicdn.com/img/ibank/O1CN01o55CGJ2LN2bdCjNzn_!!2219391729679-0-cib.310x310.jpg,¥4
9pVbPw2LN2Zl62pZ3,MB0001-MB0005神奇四侠外贸跨境电影系列拼装积木人仔玩具,¥3,,已售8800+件,,https://cbu01.alicdn.com/img/ibank/O1CN019pVbPw2LN2Zl62pZ3_!!2219391729679-0-cib.310x310.jpg,¥3
Xs1qOy2LN2dKu63Bf,LE18—LE20 狂战士蝙蝠侠积木人仔,¥6,,已售50+件,,https://cbu01.alicdn.com/img/ibank/O1CN01Xs1qOy2LN2dKu63Bf_!!2219391729679-0-cib.310x310.jpg,¥6
3Y2cNI2LN2dUn66Vc,DT8906塞尔达传说林克 公主时光之笛拼装积木人仔玩具,¥4,,已售20+件,,https://cbu01.alicdn.com/img/ibank/O1CN013Y2cNI2LN2dUn66Vc_!!2219391729679-0-cib.310x310.jpg,¥4
ocYoSa2LN2duQMphF,MB1020-MB1024 WWE摔跤手角斗士袋装积木人仔,¥4,,已售300+件,,https://cbu01.alicdn.com/img/ibank/O1CN01ocYoSa2LN2duQMphF_!!2219391729679-0-cib.310x310.jpg,¥4
efXSfD2LN2dl9nMOT,AIP326-1~326-11幻影黄金忍者人仔摩托车飞天忍者小人男孩玩具,¥7,,已售30+件,,https://cbu01.alicdn.com/img/ibank/O1CN01efXSfD2LN2dl9nMOT_!!2219391729679-0-cib.310x310.jpg,¥7
AImcbL2LN2cn2JtE7,SL01 SL02人仔积木越军军事系列小玩具,¥3,,已售300+件,,https://cbu01.alicdn.com/img/ibank/O1CN01AImcbL2LN2cn2JtE7_!!2219391729679-0-cib.310x310.jpg,¥3
SE2jv72LN2bXk1jTO,MB1001 MB1003 MB1004美剧办公室外贸跨境电影系列拼装袋装积木人,¥3,,已售2200+件,,https://cbu01.alicdn.com/img/ibank/O1CN01SE2jv72LN2bXk1jTO_!!2219391729679-0-cib.310x310.jpg,¥3
sHdWPf2LN2aX1Cncl,奎托斯人仔EV积木游戏混沌之刃EV03 EV03A EV03B玩具袋装,¥3,,已售200+件,,https://cbu01.alicdn.com/img/ibank/O1CN01sHdWPf2LN2aX1Cncl_!!2219391729679-0-cib.310x310.jpg,¥3
W6NPXp2LN2ZshdGzr,外贸专供PG634 品高星战系列 兰克rancor怪兽人仔积木速卖通,¥26,,已售100+件,,https://cbu01.alicdn.com/img/ibank/O1CN01W6NPXp2LN2ZshdGzr_!!2219391729679-0-cib.310x310.jpg,¥26
br0bsG2LN2Yn7sa9t,拼装玩具PG636积木PG629积木PG670积木PG634人仔儿童玩具摆件,¥10,,已售1200+件,,https://cbu01.alicdn.com/img/ibank/O1CN01br0bsG2LN2Yn7sa9t_!!2219391729679-0-cib.310x310.jpg,¥10
I22I5Q2LN2dDHN7hI,MY621-625战40K锤修女战士积木人仔益智拼装玩具外贸OPP袋装混装,¥7,,已售40+件,,https://cbu01.alicdn.com/img/ibank/O1CN01I22I5Q2LN2dDHN7hI_!!2219391729679-0-cib.310x310.jpg,¥7
Y0x1hg2LN2dZkKNLl,WM6229动漫系列猎魔团拼装积木人仔玩具,¥7,,已售50+件,,https://cbu01.alicdn.com/img/ibank/O1CN01Y0x1hg2LN2dZkKNLl_!!2219391729679-0-cib.310x310.jpg,¥7
9XAIRV2LN2clz6OAp,YLP005-012积木人仔士兵武器胸甲中世纪骑士配件拼装玩具外贸专供,¥2,,已售200+件,,https://cbu01.alicdn.com/img/ibank/O1CN019XAIRV2LN2clz6OAp_!!2219391729679-0-cib.310x310.jpg,¥2
wkXMTO2LN2djHsMRp,GG013 GG014长腿哥布林 短腿哥布林 跨境人仔积木,¥5,,,,https://cbu01.alicdn.com/img/ibank/O1CN01wkXMTO2LN2djHsMRp_!!2219391729679-0-cib.310x310.jpg,¥5
LpIla62LN2d0UWFOr,YL010 勃艮第巨盾矛兵拼装积木人仔玩具,¥4,,已售40+件,,https://cbu01.alicdn.com/img/ibank/O1CN01LpIla62LN2d0UWFOr_!!2219391729679-0-cib.310x310.jpg,¥4
oTwowz2LN2ca7aMpt,MB0007 MB0009 MB0010 和平使者袋装积木人仔,¥3,,,,https://cbu01.alicdn.com/img/ibank/O1CN01oTwowz2LN2ca7aMpt_!!2219391729679-0-cib.310x310.jpg,¥3
euupVr2LN2bpPUenp,AC0001 动漫系列 蓝色鸟头人拼装积木人仔玩具,¥5,,已售100+件,,https://cbu01.alicdn.com/img/ibank/O1CN01euupVr2LN2bpPUenp_!!2219391729679-0-cib.310x310.jpg,¥5
LCORgv2LN2cLCdr6J,MB2001星战达斯德索洛斯外贸跨境积木袋装人仔,¥6,,已售400+件,,https://cbu01.alicdn.com/img/ibank/O1CN01LCORgv2LN2cLCdr6J_!!2219391729679-0-cib.310x310.jpg,¥6
fqPmkP2LN2ZCC6WRd,WM牌人仔WM6049拼装积木玩具,¥2,,已售400+件,,https://cbu01.alicdn.com/img/ibank/O1CN01fqPmkP2LN2ZCC6WRd_!!2219391729679-0-cib.310x310.jpg,¥2
bEvbQr2LN2dtGd838,TK124-126 战锤禁军天鹰终结者拼装积木人仔玩具,¥6,,,,https://cbu01.alicdn.com/img/ibank/O1CN01bEvbQr2LN2dtGd838_!!2219391729679-0-cib.310x310.jpg,¥6
3fi57O2LN2dYxk0pY,DZ175奥斯本奥兹拼装积木人仔玩具,¥3,,,,https://cbu01.alicdn.com/img/ibank/O1CN013fi57O2LN2dYxk0pY_!!2219391729679-0-cib.310x310.jpg,¥3
xwUT7P2LN2d08SaDY,MB1028美剧绝命毒师风骚律师拉洛萨拉曼卡人仔积木玩具,¥3,,已售30+件,,https://cbu01.alicdn.com/img/ibank/O1CN01xwUT7P2LN2d08SaDY_!!2219391729679-0-cib.310x310.jpg,¥3
G0Znch2LN2cyget79,MB1029美剧绝命毒师风骚律师赫克托萨拉曼卡人仔积木玩具,¥5,,已售50+件,,https://cbu01.alicdn.com/img/ibank/O1CN01G0Znch2LN2cyget79_!!2219391729679-0-cib.310x310.jpg,¥5
ytGRdd2LN2clpD8BE,GK111第三方moc中世纪魔戒索伦索隆黑暗魔君人仔积木玩具跨境袋,¥8,,已售20+件,,https://cbu01.alicdn.com/img/ibank/O1CN01ytGRdd2LN2clpD8BE_!!2219391729679-0-cib.310x310.jpg,¥8
kyYGVT2LN2cna7hTa,YLT05 YLT06 优乐北非德军军事积木袋装人仔,¥2,,已售50+件,,https://cbu01.alicdn.com/img/ibank/O1CN01kyYGVT2LN2cna7hTa_!!2219391729679-0-cib.310x310.jpg,¥2
KF9PJ62LN2ca7w3OD,MB0008 MB0011 MB0012 和平使者袋装积木人仔,¥3,,已售10+件,,https://cbu01.alicdn.com/img/ibank/O1CN01KF9PJ62LN2ca7w3OD_!!2219391729679-0-cib.310x310.jpg,¥3
7SLPSP2LN2cg1dQyL,FT20万神节恐怖电影养鬼吃人积木人仔钉子头益智外贸拼装玩具袋,¥4,,,,https://cbu01.alicdn.com/img/ibank/O1CN017SLPSP2LN2cg1dQyL_!!2219391729679-0-cib.310x310.jpg,¥4
8faPFM2LN2cYkxxMJ,MB0006 和平使者袋装积木人仔,¥6,,已售70+件,,https://cbu01.alicdn.com/img/ibank/O1CN018faPFM2LN2cYkxxMJ_!!2219391729679-0-cib.310x310.jpg,¥6
1XFx2w2LN2cKGYFAc,MB2002星战达斯瑞文外贸跨境积木袋装人仔,¥3,,已售300+件,,https://cbu01.alicdn.com/img/ibank/O1CN011XFx2w2LN2cKGYFAc_!!2219391729679-0-cib.310x310.jpg,¥3
mujZPM2LN2b182KdC,GP201跨境袋装积木人仔游戏魔兽巫妖王,¥8,,已售100+件,,https://cbu01.alicdn.com/img/ibank/O1CN01mujZPM2LN2b182KdC_!!2219391729679-0-cib.310x310.jpg,¥8
EHDBSg2LN2aAvzmNi,补收运费专用链接,¥1,,已售90+件,,https://cbu01.alicdn.com/img/ibank/O1CN01EHDBSg2LN2aAvzmNi_!!2219391729679-0-cib.310x310.jpg,¥1
nyyykK2LN2Zqfbq75,外贸货品WM6173拼装益智积木人仔游戏系列玩具袋装,¥5,,已售80+件,,https://cbu01.alicdn.com/img/ibank/O1CN01nyyykK2LN2Zqfbq75_!!2219391729679-0-cib.310x310.jpg,¥5
TUqera2LN2ZL6wOrY,外贸货品PG639第三方雪怪益智积木人仔袋装,¥6,,已售600+件,,https://cbu01.alicdn.com/img/ibank/O1CN01TUqera2LN2ZL6wOrY_!!2219391729679-0-cib.310x310.jpg,¥6
bUDNc82LN2Z7y0FaF,外贸货品FQ101中古系列第三方格斯勇士拼装积木玩具袋装,¥5,,已售1000+件,,https://cbu01.alicdn.com/img/ibank/O1CN01bUDNc82LN2Z7y0FaF_!!2219391729679-0-cib.310x310.jpg,¥5
ua0VZy2LN2Yg4oIC7,跨境袋装积木人仔和平精英七级甲动力机甲全盔甲版G801,¥5,,,,https://cbu01.alicdn.com/img/ibank/O1CN01ua0VZy2LN2Yg4oIC7_!!2219391729679-0-cib.310x310.jpg,¥5
gBKDxd2LN2Z5S54DB,第三方剑风传奇战狼坐骑战马FQ102格斯积木人烙印勇士拼装,¥6,,已售700+件,,https://cbu01.alicdn.com/img/ibank/O1CN01gBKDxd2LN2Z5S54DB_!!2219391729679-0-cib.310x310.jpg,¥6
ZaI5lY2LN2dd7ClDe,DY1805-1806吞星版益智拼装积木人偶玩具,¥35,,,,https://cbu01.alicdn.com/img/ibank/O1CN01ZaI5lY2LN2dd7ClDe_!!2219391729679-0-cib.310x310.jpg,¥35
JYyvmS2LN2dGDK86E,AIP12-1—AIP12-5幻影忍者便装忍者积木,¥4,,已售40+件,,https://cbu01.alicdn.com/img/ibank/O1CN01JYyvmS2LN2dGDK86E_!!2219391729679-0-cib.310x310.jpg,¥4
lReEIk2LN2cgQecx0,GP103第三方剑风传奇死亡骑士龙翼格斯烙印勇士人仔积木玩具袋装,¥7,,,,https://cbu01.alicdn.com/img/ibank/O1CN01lReEIk2LN2cgQecx0_!!2219391729679-0-cib.310x310.jpg,¥7
IIa8tG2LN2dolWp47,MY631A-MY635A战40K锤战士积木人仔益智拼装玩具外贸OPP袋装混装,¥6,,,,https://cbu01.alicdn.com/img/ibank/O1CN01IIa8tG2LN2dolWp47_!!2219391729679-0-cib.310x310.jpg,¥6
Ul3hG62LN2dnt5a0d,MY631B-MY635B锤战士积木武器配件益智拼装玩具外贸OPP袋装混装,¥4,,,,https://cbu01.alicdn.com/img/ibank/O1CN01Ul3hG62LN2dnt5a0d_!!2219391729679-0-cib.310x310.jpg,¥4
mmeXP92LN2d0URcG9,YL009 双手斧骑士拼装积木人仔玩具,¥4,,,,https://cbu01.alicdn.com/img/ibank/O1CN01mmeXP92LN2d0URcG9_!!2219391729679-0-cib.310x310.jpg,¥4
zGqUlT2LN2ckoUDjc,DT8905外贸专供袋装魔兽系列兽人积木人仔拼装玩具,¥8,,已售10+件,,https://cbu01.alicdn.com/img/ibank/O1CN01zGqUlT2LN2ckoUDjc_!!2219391729679-0-cib.310x310.jpg,¥8
aJLmPO2LN2cgTZ7ct,FT22 FT23万神节恐怖电影养鬼吃人积木人仔益智外贸拼装玩具袋,¥4,,,,https://cbu01.alicdn.com/img/ibank/O1CN01aJLmPO2LN2cgTZ7ct_!!2219391729679-0-cib.310x310.jpg,¥4
K10SPJ2LN2cg2NpJM,FT21万神节恐怖电影养鬼吃人积木人仔裂喉益智外贸拼装玩具袋,¥4,,,,https://cbu01.alicdn.com/img/ibank/O1CN01K10SPJ2LN2cg2NpJM_!!2219391729679-0-cib.310x310.jpg,¥4
GNlmCu2LN2aAn2lN7,外贸专供DT8903电影游戏角色小颗粒积木人仔袋装,¥3,,已售300+件,,https://cbu01.alicdn.com/img/ibank/O1CN01GNlmCu2LN2aAn2lN7_!!2219391729679-0-cib.310x310.jpg,¥3
02v5gz2LN2ZqrbhLc,MB0001-MB0005神奇四侠外贸跨境电影系列拼装积木人仔玩具,¥3,,已售20+件,,https://cbu01.alicdn.com/img/ibank/O1CN0102v5gz2LN2ZqrbhLc_!!2219391729679-0-cib.310x310.jpg,¥3
O9tuxJ2LN2Zx1WweK,第三方中古荣耀战魂霍顿战士S125中世纪游戏圆桌骑士积木人仔玩具,¥9,,已售70+件,,https://cbu01.alicdn.com/img/ibank/O1CN01O9tuxJ2LN2Zx1WweK_!!2219391729679-0-cib.310x310.jpg,¥9
GbGiyk2LN2ZvUzD7D,第三方中古神话亚瑟王后S126兰斯洛特圆桌骑士亚瑟王国人仔积木,¥9,,已售50+件,,https://cbu01.alicdn.com/img/ibank/O1CN01GbGiyk2LN2ZvUzD7D_!!2219391729679-0-cib.310x310.jpg,¥9
ysHfd22LN2ZvScqbS,第三方中古世纪神话S127加荷里斯铠兰斯洛特圆桌骑士人仔积木玩具,¥9,,,,https://cbu01.alicdn.com/img/ibank/O1CN01ysHfd22LN2ZvScqbS_!!2219391729679-0-cib.310x310.jpg,¥9
geCz9s2LN2Zx1ero0,第三方中古奇幻S124兰斯洛特凯圆桌骑士亚瑟王后积木人仔拼装玩具,¥9,,,,https://cbu01.alicdn.com/img/ibank/O1CN01geCz9s2LN2Zx1ero0_!!2219391729679-0-cib.310x310.jpg,¥9
K6SMaU2LN2Zt8APB1,外贸货品极限战士剑卫老兵MY611-615拼装人仔积木玩具袋装,¥6,,,,https://cbu01.alicdn.com/img/ibank/O1CN01K6SMaU2LN2Zt8APB1_!!2219391729679-0-cib.310x310.jpg,¥6
PoGqFg2LN2Zp6Iz4s,MB0001-MB0005神奇四侠外贸跨境电影系列拼装积木人仔玩具,¥3,,已售10+件,,https://cbu01.alicdn.com/img/ibank/O1CN01PoGqFg2LN2Zp6Iz4s_!!2219391729679-0-cib.310x310.jpg,¥3
QRfA1A2LN2ZqrPHFe,MB0001-MB0005神奇四侠外贸跨境电影系列拼装积木人仔玩具,¥3,,,,https://cbu01.alicdn.com/img/ibank/O1CN01QRfA1A2LN2ZqrPHFe_!!2219391729679-0-cib.310x310.jpg,¥3
gYjQAZ2LN2ZGBMbCh,第三方人仔凯中古奇幻圆桌骑士拼装益智人仔玩具兰斯洛特亚瑟王后,¥9,,,,https://cbu01.alicdn.com/img/ibank/O1CN01gYjQAZ2LN2ZGBMbCh_!!2219391729679-0-cib.310x310.jpg,¥9
oHZDU82LN2Z7mxqdK,外贸专供欣宏X108-111捉鬼敢死队魔鬼克星益智拼装积木人仔玩具,¥10,,,,https://cbu01.alicdn.com/img/ibank/O1CN01oHZDU82LN2Z7mxqdK_!!2219391729679-0-cib.310x310.jpg,¥10
WsAfLL2LN2Z3oOzew,FQ101+102第三方人仔中古系列勇士积木坐骑战马外贸袋装,¥5,,已售60+件,,https://cbu01.alicdn.com/img/ibank/O1CN01WsAfLL2LN2Z3oOzew_!!2219391729679-0-cib.310x310.jpg,¥5
YGBGWR2LN2Z1WvQON,LG0079-0084 儿童拼装积木人仔玩具 混批 LG1012,¥3,,,,https://cbu01.alicdn.com/img/ibank/O1CN01YGBGWR2LN2Z1WvQON_!!2219391729679-0-cib.310x310.jpg,¥3
Fhdzei2LN2Z0zX5dQ,WM6053游戏人仔拼装积木 外贸速卖通拼插儿童积木玩具,¥3,,已售300+件,,https://cbu01.alicdn.com/img/ibank/O1CN01Fhdzei2LN2Z0zX5dQ_!!2219391729679-0-cib.310x310.jpg,¥3
XeA46F2LN2Z3HHzMM,WM6088拼装积木人仔儿童玩具 WM947-WM954,¥3,,已售10+件,,https://cbu01.alicdn.com/img/ibank/O1CN01XeA46F2LN2Z3HHzMM_!!2219391729679-0-cib.310x310.jpg,¥3
PHDco02LN2Z36rEZf,外贸货品新品WM6087动漫系列拼装人仔积木玩具,¥3,,已售10+件,,https://cbu01.alicdn.com/img/ibank/O1CN01PHDco02LN2Z36rEZf_!!2219391729679-0-cib.310x310.jpg,¥3
KDZUpB2LN2Z1QUH5X,外贸货品G0142电视电影系列拼装积木人仔玩具袋装,¥2,,已售200+件,,https://cbu01.alicdn.com/img/ibank/O1CN01KDZUpB2LN2Z1QUH5X_!!2219391729679-0-cib.310x310.jpg,¥2
ZJZJ982LN2Z0mchq0,外贸货品WM6075万圣节系列恐怖人仔积木拼装人仔兼容品高欣宏外贸,¥2,,已售100+件,,https://cbu01.alicdn.com/img/ibank/O1CN01ZJZJ982LN2Z0mchq0_!!2219391729679-0-cib.310x310.jpg,¥2
bYRRkK2LN2YsS2uML,最后生还者2积木人仔玩具美剧美国末日乔尔艾莉FT11FT12FT13,¥3,,已售600+件,,https://cbu01.alicdn.com/img/ibank/O1CN01bYRRkK2LN2YsS2uML_!!2219391729679-0-cib.310x310.jpg,¥3
J0N70q2LN2YnBbAPJ,QD0001-0008游戏系列积木人仔儿童拼装玩具外贸混批袋装,¥5,,已售600+件,,https://cbu01.alicdn.com/img/ibank/O1CN01J0N70q2LN2YnBbAPJ_!!2219391729679-0-cib.310x310.jpg,¥5
0TqubA2LN2YkXgYRy,MY801-805小颗粒拼装积木儿童玩具袋装批发外贸,¥6,,已售100+件,,https://cbu01.alicdn.com/img/ibank/O1CN010TqubA2LN2YkXgYRy_!!2219391729679-0-cib.310x310.jpg,¥6
SbKGmp2LN2Yl9zZS6,外贸专供MY606-610帝国机器人战士拼装积木人仔儿童玩具外贸袋装,¥6,,已售200+件,,https://cbu01.alicdn.com/img/ibank/O1CN01SbKGmp2LN2Yl9zZS6_!!2219391729679-0-cib.310x310.jpg,¥6
z3FcS12LN2YnuzXfA,外贸货品MY601-605极限战士帝国之拳拼装人仔积木玩具袋装,¥6,,已售100+件,,https://cbu01.alicdn.com/img/ibank/O1CN01z3FcS12LN2YnuzXfA_!!2219391729679-0-cib.310x310.jpg,¥6
