product_id,title,price,price_from,price_to,fob_price,min_order,currency,detail_url,image_url,image_url_original,image_url_350,all_image_urls,sku_images,sold_180d,order_count,group_id,rts_product
1600957018892,TV8072 Bantha Blurrg Rancor Jabba Dewback Big Bricks SW Space Wars Movie Assemble Building Blocks Kids Educational Plastic Toys,$1.50-1.99,1.5,,$1.50-1.99 / piece,10 pieces,USD,https://www.alibaba.com/product-detail/TV8072-Bantha-Blurrg-Rancor-Jabba-Dewback_1600957018892.html,https://sc04.alicdn.com/kf/H77bcf0915aed410daff2f28120220cb8s/TV8072-Bantha-Blurrg-Rancor-Jabba-Dewback-Big.jpg,https://sc04.alicdn.com/kf/H77bcf0915aed410daff2f28120220cb8s/TV8072-Bantha-Blurrg-Rancor-Jabba-Dewback-Big.jpg,https://sc04.alicdn.com/kf/H77bcf0915aed410daff2f28120220cb8s/TV8072-Bantha-Blurrg-Rancor-Jabba-Dewback-Big.jpg_350x350.jpg,https://sc04.alicdn.com/kf/H77bcf0915aed410daff2f28120220cb8s/TV8072-Bantha-Blurrg-Rancor-Jabba-Dewback-Big.jpg | https://sc04.alicdn.com/kf/H6bc0253884334a8d811b4cda46ecad68F/TV8072-Bantha-Blurrg-Rancor-Jabba-Dewback-Big.jpg | https://sc04.alicdn.com/kf/H3a7390fa040344e1b2b919936266afd3K/TV8072-Bantha-Blurrg-Rancor-Jabba-Dewback-Big.jpg | https://sc04.alicdn.com/kf/H06917fe8415e494ca1299abcbd1b41fbO/TV8072-Bantha-Blurrg-Rancor-Jabba-Dewback-Big.jpg,https://sc04.alicdn.com/kf/H6522c414061b4ec397db7a838ce61b0cH.png | https://sc04.alicdn.com/kf/H62e2d4046ae942ff87f045ea23a18fa3e.jpg | https://sc04.alicdn.com/kf/Ha2ca3ea39b4d4ddbbf1e1e435431757fb.jpg,0,4,915221587,True
1600506754663,TV8071 Blurrg with Yoda Mandalorian Space Wars Movie Character Building Blocks Bricks Model Action Educational Kids Toys Gift,$1.50-1.99,1.5,,$1.50-1.99 / piece,10 pieces,USD,https://www.alibaba.com/product-detail/TV8071-Blurrg-with-Yoda-Mandalorian-Space_1600506754663.html,https://sc04.alicdn.com/kf/Ha1ca97b471724280aaae1400e72a1cbfx/TV8071-Blurrg-with-Yoda-Mandalorian-Space-Wars.jpg,https://sc04.alicdn.com/kf/Ha1ca97b471724280aaae1400e72a1cbfx/TV8071-Blurrg-with-Yoda-Mandalorian-Space-Wars.jpg,https://sc04.alicdn.com/kf/Ha1ca97b471724280aaae1400e72a1cbfx/TV8071-Blurrg-with-Yoda-Mandalorian-Space-Wars.jpg_350x350.jpg,https://sc04.alicdn.com/kf/Ha1ca97b471724280aaae1400e72a1cbfx/TV8071-Blurrg-with-Yoda-Mandalorian-Space-Wars.jpg | https://sc04.alicdn.com/kf/He852442774344e54bec771e8fc109eeap/TV8071-Blurrg-with-Yoda-Mandalorian-Space-Wars.jpg | https://sc04.alicdn.com/kf/H301bed12e22541d987fc385996e69285a/TV8071-Blurrg-with-Yoda-Mandalorian-Space-Wars.jpg | https://sc04.alicdn.com/kf/H4214bf68e0e84ef2a8a602759484aec1x/TV8071-Blurrg-with-Yoda-Mandalorian-Space-Wars.jpg | https://sc04.alicdn.com/kf/H1b932104b0464d4484a13dd6d5b03177M/TV8071-Blurrg-with-Yoda-Mandalorian-Space-Wars.png,https://sc04.alicdn.com/kf/H6522c414061b4ec397db7a838ce61b0cH.png | https://sc04.alicdn.com/kf/H62e2d4046ae942ff87f045ea23a18fa3e.jpg | https://sc04.alicdn.com/kf/Ha2ca3ea39b4d4ddbbf1e1e435431757fb.jpg,22,6,915221587,False
1601646152691,MB2004 Anakin Skywalker Star Building Mini Block Wars Figure Brick Toys,$0.40-0.50,0.4,,$0.40-0.50 / piece,5 pieces,USD,https://www.alibaba.com/product-detail/MB2004-Anakin-Skywalker-Star-Building-Mini_1601646152691.html,https://sc04.alicdn.com/kf/H4b8be0090a624f2ba7008be1c29e3c77R/MB2004-Anakin-Skywalker-Star-Building-Mini-Block.jpg,https://sc04.alicdn.com/kf/H4b8be0090a624f2ba7008be1c29e3c77R/MB2004-Anakin-Skywalker-Star-Building-Mini-Block.jpg,https://sc04.alicdn.com/kf/H4b8be0090a624f2ba7008be1c29e3c77R/MB2004-Anakin-Skywalker-Star-Building-Mini-Block.jpg_350x350.jpg,https://sc04.alicdn.com/kf/H4b8be0090a624f2ba7008be1c29e3c77R/MB2004-Anakin-Skywalker-Star-Building-Mini-Block.jpg,https://sc04.alicdn.com/kf/H6522c414061b4ec397db7a838ce61b0cH.png | https://sc04.alicdn.com/kf/Hf6a1d4b1bb064f039afba65695b9262b7.jpg,1300,4,958459576,False
1600871707147,MY601-MY605 BA01 BT01 Space Marines Game Ultramarines Dark Blood Angels Building Block Figure Kids Collect Plastic Toy Juguete,$0.80-0.90,0.8,,$0.80-0.90 / piece,10 pieces,USD,https://www.alibaba.com/product-detail/MY601-MY605-BA01-BT01-Space-Marines_1600871707147.html,https://sc04.alicdn.com/kf/H6c71c4f2b8c74b30a2f5f5aac6999149c/MY601-MY605-BA01-BT01-Space-Marines-Game.jpg,https://sc04.alicdn.com/kf/H6c71c4f2b8c74b30a2f5f5aac6999149c/MY601-MY605-BA01-BT01-Space-Marines-Game.jpg,https://sc04.alicdn.com/kf/H6c71c4f2b8c74b30a2f5f5aac6999149c/MY601-MY605-BA01-BT01-Space-Marines-Game.jpg_350x350.jpg,https://sc04.alicdn.com/kf/H6c71c4f2b8c74b30a2f5f5aac6999149c/MY601-MY605-BA01-BT01-Space-Marines-Game.jpg | https://sc04.alicdn.com/kf/Hec3d057fd74c4866ad1105e7df841cdaK/MY601-MY605-BA01-BT01-Space-Marines-Game.png | https://sc04.alicdn.com/kf/H8130a3c597294d71a10c1324a84b5ba7o/MY601-MY605-BA01-BT01-Space-Marines-Game.png | https://sc04.alicdn.com/kf/Headed9c7fb2040bea3de1fdbd5665632P/MY601-MY605-BA01-BT01-Space-Marines-Game.png | https://sc04.alicdn.com/kf/He2c48d1606f449ee8d63fb0be1f2c0c9M/MY601-MY605-BA01-BT01-Space-Marines-Game.png,https://sc04.alicdn.com/kf/H5b2c69d044fe4b6f86b42bca94cfbe70m.png | https://sc04.alicdn.com/kf/Hf8a4b418d88b46de95d7e9cde7bb1ab8p.png | https://sc04.alicdn.com/kf/H8494cedbd5e44f839eb3f5513f0c7a78I.png | https://sc04.alicdn.com/kf/Hf92c6d680a4d4959a8906ceca6ddc5b4R.png | https://sc04.alicdn.com/kf/Ha452f68e4dac4c368aef8b78d7e3a925T.png | https://sc04.alicdn.com/kf/Hac0dd60d226345b791bb454af51269a0F.png,0,2,928800243,False
1601613572760,MB0006-MB0012 Peacemaker Building Mini Block Wars Figure Brick Toys,$0.40-0.95,0.4,,$0.40-0.95 / piece,7 pieces,USD,https://www.alibaba.com/product-detail/MB0006-MB0012-Peacemaker-Building-Mini-Block_1601613572760.html,https://sc04.alicdn.com/kf/H5c258e669d174a5d967a57fa345a43fas/MB0006-MB0012-Peacemaker-Building-Mini-Block-Wars.jpg,https://sc04.alicdn.com/kf/H5c258e669d174a5d967a57fa345a43fas/MB0006-MB0012-Peacemaker-Building-Mini-Block-Wars.jpg,https://sc04.alicdn.com/kf/H5c258e669d174a5d967a57fa345a43fas/MB0006-MB0012-Peacemaker-Building-Mini-Block-Wars.jpg_350x350.jpg,https://sc04.alicdn.com/kf/H5c258e669d174a5d967a57fa345a43fas/MB0006-MB0012-Peacemaker-Building-Mini-Block-Wars.jpg | https://sc04.alicdn.com/kf/H37665d5ef9b84da89b98bbfd10d43639p/MB0006-MB0012-Peacemaker-Building-Mini-Block-Wars.jpg | https://sc04.alicdn.com/kf/H49ee5047f754496581824b6349d3698ff/MB0006-MB0012-Peacemaker-Building-Mini-Block-Wars.jpg | https://sc04.alicdn.com/kf/Ha3e4194525da4d89b4053861f70122fd6/MB0006-MB0012-Peacemaker-Building-Mini-Block-Wars.jpg | https://sc04.alicdn.com/kf/Hf1bdcb403cd443b88581faf6faa80aa34/MB0006-MB0012-Peacemaker-Building-Mini-Block-Wars.jpg,https://sc04.alicdn.com/kf/Hbfaf1418824045aaad6d38018755da6d4.jpg | https://sc04.alicdn.com/kf/H6522c414061b4ec397db7a838ce61b0cH.png | https://sc04.alicdn.com/kf/Haf6095e62c664f61922050a8dd0d2c86s.jpg | https://sc04.alicdn.com/kf/H6e2b1472474e475fb8b2bf255814cae19.jpg | https://sc04.alicdn.com/kf/H5ef4df5e1dd449b8988abc9e0bcb2664M.jpg | https://sc04.alicdn.com/kf/H77e0147fdb614e22b73e7ffc0cf959528.jpg | https://sc04.alicdn.com/kf/Haf6a459b321143a2a5ba55cbc3994d34P.jpg | https://sc04.alicdn.com/kf/H153fb10c71cd400e917cd539baba8e7eX.jpg,4740,14,958459576,False
1601626086211,MB1013-MB1018 the Office Prison Mike David Brent  Building Mini Block Figure Brick Toys,$0.40-0.60,0.4,,$0.40-0.60 / piece,6 pieces,USD,https://www.alibaba.com/product-detail/MB1013-MB1018-the-Office-Prison-Mike_1601626086211.html,https://sc04.alicdn.com/kf/H4b00175b945a4ebdb7be24efafc50733A/MB1013-MB1018-the-Office-Prison-Mike-David.jpg,https://sc04.alicdn.com/kf/H4b00175b945a4ebdb7be24efafc50733A/MB1013-MB1018-the-Office-Prison-Mike-David.jpg,https://sc04.alicdn.com/kf/H4b00175b945a4ebdb7be24efafc50733A/MB1013-MB1018-the-Office-Prison-Mike-David.jpg_350x350.jpg,https://sc04.alicdn.com/kf/H4b00175b945a4ebdb7be24efafc50733A/MB1013-MB1018-the-Office-Prison-Mike-David.jpg | https://sc04.alicdn.com/kf/Haee6897336bd4df7957024989fb5f2eeK/MB1013-MB1018-the-Office-Prison-Mike-David.jpg | https://sc04.alicdn.com/kf/H7d1d9d6c6657419d864ea53eae0cc979o/MB1013-MB1018-the-Office-Prison-Mike-David.jpg | https://sc04.alicdn.com/kf/Hcec5fe475b364a2a99c66271bc221540c/MB1013-MB1018-the-Office-Prison-Mike-David.jpg | https://sc04.alicdn.com/kf/H6d040c865b184628adeeae7cd397e1a74/MB1013-MB1018-the-Office-Prison-Mike-David.jpg,https://sc04.alicdn.com/kf/Hcd191a8978674cc8a6f6de9351c49d02K.jpg | https://sc04.alicdn.com/kf/H674aa901a4324d5d91dfab0008a0aec1w.jpg | https://sc04.alicdn.com/kf/H9d7cf2c313d64577abb36623932b44893.jpg | https://sc04.alicdn.com/kf/H6522c414061b4ec397db7a838ce61b0cH.png | https://sc04.alicdn.com/kf/Hd247700cd440437c9f684d37fa5f53844.jpg | https://sc04.alicdn.com/kf/Ha346960e73014ec9ba871b636783a195h.jpg | https://sc04.alicdn.com/kf/Hacb61f5148f04c8ebd188e19fb99f992d.jpg,5250,7,958459576,False
1601637839664,MB1029  Breaking Bad Better Call Saul Hector Salamanca Mini Building Block Figures Brick Toys,$0.55-0.65,0.55,,$0.55-0.65 / piece,10 pieces,USD,https://www.alibaba.com/product-detail/MB1029-Breaking-Bad-Better-Call-Saul_1601637839664.html,https://sc04.alicdn.com/kf/Hb27d8b0d7fe74eeeb1a212a5e8db9368n/MB1029-Breaking-Bad-Better-Call-Saul-Hector.jpg,https://sc04.alicdn.com/kf/Hb27d8b0d7fe74eeeb1a212a5e8db9368n/MB1029-Breaking-Bad-Better-Call-Saul-Hector.jpg,https://sc04.alicdn.com/kf/Hb27d8b0d7fe74eeeb1a212a5e8db9368n/MB1029-Breaking-Bad-Better-Call-Saul-Hector.jpg_350x350.jpg,https://sc04.alicdn.com/kf/Hb27d8b0d7fe74eeeb1a212a5e8db9368n/MB1029-Breaking-Bad-Better-Call-Saul-Hector.jpg | https://sc04.alicdn.com/kf/H4bfe3136fb6b4793aca91767f14935750/MB1029-Breaking-Bad-Better-Call-Saul-Hector.jpg | https://sc04.alicdn.com/kf/H2d678da90bb940c197c1abaf7de861c3t/MB1029-Breaking-Bad-Better-Call-Saul-Hector.jpg | https://sc04.alicdn.com/kf/H9c8adb34d483484f89388c2cb86624e45/MB1029-Breaking-Bad-Better-Call-Saul-Hector.jpg,https://sc04.alicdn.com/kf/H6522c414061b4ec397db7a838ce61b0cH.png | https://sc04.alicdn.com/kf/Hfbf8380a3dea4213854d245dbd392d77i.jpg,2400,4,958459576,False
1601637950059,MB1028  Breaking Bad Better Call Saul Lalo Salamanca Mini Building Block Figures Brick Toys,$0.40-0.50,0.4,,$0.40-0.50 / piece,10 pieces,USD,https://www.alibaba.com/product-detail/MB1028-Breaking-Bad-Better-Call-Saul_1601637950059.html,https://sc04.alicdn.com/kf/Hbf5ad9210004466182b48cdc34f58783Z/MB1028-Breaking-Bad-Better-Call-Saul-Lalo.jpg,https://sc04.alicdn.com/kf/Hbf5ad9210004466182b48cdc34f58783Z/MB1028-Breaking-Bad-Better-Call-Saul-Lalo.jpg,https://sc04.alicdn.com/kf/Hbf5ad9210004466182b48cdc34f58783Z/MB1028-Breaking-Bad-Better-Call-Saul-Lalo.jpg_350x350.jpg,https://sc04.alicdn.com/kf/Hbf5ad9210004466182b48cdc34f58783Z/MB1028-Breaking-Bad-Better-Call-Saul-Lalo.jpg | https://sc04.alicdn.com/kf/H6a5d3a7ace1344129278dded65062f40b/MB1028-Breaking-Bad-Better-Call-Saul-Lalo.jpg | https://sc04.alicdn.com/kf/H4ab2dae317af40fcafb6d4f2bd85ba83o/MB1028-Breaking-Bad-Better-Call-Saul-Lalo.jpg | https://sc04.alicdn.com/kf/H41de789247834afca28ce108460597d0U/MB1028-Breaking-Bad-Better-Call-Saul-Lalo.jpg,https://sc04.alicdn.com/kf/H6522c414061b4ec397db7a838ce61b0cH.png | https://sc04.alicdn.com/kf/H0e6058260894419bbacefa4d2fdbd4c5B.jpg,2074,4,958459576,False
1601605461231,MB2001 MB2002 MB2003 Star Building Mini Block Wars Figure Brick Toys,$0.40-0.90,0.4,,$0.40-0.90 / piece,15 pieces,USD,https://www.alibaba.com/product-detail/MB2001-MB2002-MB2003-Star-Building-Mini_1601605461231.html,https://sc04.alicdn.com/kf/H91703f523309485d97b4b48b4fccfc02W/MB2001-MB2002-MB2003-Star-Building-Mini-Block.jpg,https://sc04.alicdn.com/kf/H91703f523309485d97b4b48b4fccfc02W/MB2001-MB2002-MB2003-Star-Building-Mini-Block.jpg,https://sc04.alicdn.com/kf/H91703f523309485d97b4b48b4fccfc02W/MB2001-MB2002-MB2003-Star-Building-Mini-Block.jpg_350x350.jpg,https://sc04.alicdn.com/kf/H91703f523309485d97b4b48b4fccfc02W/MB2001-MB2002-MB2003-Star-Building-Mini-Block.jpg | https://sc04.alicdn.com/kf/Hec976be744b04144863cb450251f875aO/MB2001-MB2002-MB2003-Star-Building-Mini-Block.jpg | https://sc04.alicdn.com/kf/H963b493b5c5b4e00ad81a017340d5df4g/MB2001-MB2002-MB2003-Star-Building-Mini-Block.jpg,https://sc04.alicdn.com/kf/H3d442db1ba6c4445b96665c6855dcd64z.jpg | https://sc04.alicdn.com/kf/H6522c414061b4ec397db7a838ce61b0cH.png | https://sc04.alicdn.com/kf/Hd429e357e95a494191f7cf05f0b50d1dA.jpg | https://sc04.alicdn.com/kf/H00f1554a682f4c17bd21ca2ca7c5174a6.jpg,4687,12,958459576,False
1601626082259,MB1006 MB1007 MB1009 MB1017 the Office Prison Mike Building Mini Block Figure Brick Toys,$0.45-0.55,0.45,,$0.45-0.55 / piece,10 pieces,USD,https://www.alibaba.com/product-detail/MB1006-MB1007-MB1009-MB1017-the-Office_1601626082259.html,https://sc04.alicdn.com/kf/Hdb45ee4219054a8e8082947fe4c96560G/MB1006-MB1007-MB1009-MB1017-the-Office-Prison.jpg,https://sc04.alicdn.com/kf/Hdb45ee4219054a8e8082947fe4c96560G/MB1006-MB1007-MB1009-MB1017-the-Office-Prison.jpg,https://sc04.alicdn.com/kf/Hdb45ee4219054a8e8082947fe4c96560G/MB1006-MB1007-MB1009-MB1017-the-Office-Prison.jpg_350x350.jpg,https://sc04.alicdn.com/kf/Hdb45ee4219054a8e8082947fe4c96560G/MB1006-MB1007-MB1009-MB1017-the-Office-Prison.jpg | https://sc04.alicdn.com/kf/H1d29c8705d4b4bc0ba7eca5cc44a75c98/MB1006-MB1007-MB1009-MB1017-the-Office-Prison.jpg | https://sc04.alicdn.com/kf/Hf1a7e47163414cb7885839f4babe02f2x/MB1006-MB1007-MB1009-MB1017-the-Office-Prison.jpg | https://sc04.alicdn.com/kf/H10fdcf6f11f641e598a7665030cb6331m/MB1006-MB1007-MB1009-MB1017-the-Office-Prison.jpg | https://sc04.alicdn.com/kf/H6fa9cd28932c470da694385f9a21f2d4q/MB1006-MB1007-MB1009-MB1017-the-Office-Prison.jpg,https://sc04.alicdn.com/kf/H6dd0f27abb2743dd8882fd9ce63124d7E.jpg | https://sc04.alicdn.com/kf/H6522c414061b4ec397db7a838ce61b0cH.png | https://sc04.alicdn.com/kf/H269af77eec384a0db9cd1466690f9cf3H.jpg | https://sc04.alicdn.com/kf/H9d7077038d134b7eaf0ea64debe75170h.jpg | https://sc04.alicdn.com/kf/H1819d6918be241f1bb33038a3fd8c3a98.jpg | https://sc04.alicdn.com/kf/H136d3912d2e643fe88991a8a1a3dc9c4X.jpg | https://sc04.alicdn.com/kf/Hb44c0e2accbe44f5b0b74f556070d212o.jpg | https://sc04.alicdn.com/kf/H7bc422cf8057417ea2c5150e16aa4491a.jpg | https://sc04.alicdn.com/kf/H958fdc423f2942a8a4d2e47f0941783aY.jpg | https://sc04.alicdn.com/kf/Hae7e833a5da044e9842ff8d376a7a2a0S.jpg | https://sc04.alicdn.com/kf/He0842ac48eb047d6b1f97e9e5fe62d21E.jpg,701,4,959894864,False
1601626041410,MB1008 MB1015 MB1016 the Office Angela Martin Kelly Kapoor Meredith Palmer Building Mini Block Figure Brick Toys,$0.50-0.60,0.5,,$0.50-0.60 / piece,10 pieces,USD,https://www.alibaba.com/product-detail/MB1008-MB1015-MB1016-the-Office-Angela_1601626041410.html,https://sc04.alicdn.com/kf/H6961c4e0cd634a138fa6b0b1a13b04d77/MB1008-MB1015-MB1016-the-Office-Angela-Martin.jpg,https://sc04.alicdn.com/kf/H6961c4e0cd634a138fa6b0b1a13b04d77/MB1008-MB1015-MB1016-the-Office-Angela-Martin.jpg,https://sc04.alicdn.com/kf/H6961c4e0cd634a138fa6b0b1a13b04d77/MB1008-MB1015-MB1016-the-Office-Angela-Martin.jpg_350x350.jpg,https://sc04.alicdn.com/kf/H6961c4e0cd634a138fa6b0b1a13b04d77/MB1008-MB1015-MB1016-the-Office-Angela-Martin.jpg | https://sc04.alicdn.com/kf/Hb07bc34c7243416f8bf2903f9352ba6el/MB1008-MB1015-MB1016-the-Office-Angela-Martin.jpg | https://sc04.alicdn.com/kf/H084b95ba2dd44dc1af7127f1de6c7021K/MB1008-MB1015-MB1016-the-Office-Angela-Martin.jpg,https://sc04.alicdn.com/kf/H83e09e01c6e2412ca05f0b5173e043d1j.jpg | https://sc04.alicdn.com/kf/H6522c414061b4ec397db7a838ce61b0cH.png | https://sc04.alicdn.com/kf/H0e3df8c915ad474b91100d591be77ad2E.jpg | https://sc04.alicdn.com/kf/H89f75922714f4530a617a4b2b59d7f79v.jpg,814,4,959894864,False
1601625995755,MB1006-MB1012 the Office Toby Stanley Angela Building Mini Block Figure Brick Toys,$0.40-0.60,0.4,,$0.40-0.60 / piece,7 pieces,USD,https://www.alibaba.com/product-detail/MB1006-MB1012-the-Office-Toby-Stanley_1601625995755.html,https://sc04.alicdn.com/kf/H4e03f3e626f84126954bd819b9a79c2fP/MB1006-MB1012-the-Office-Toby-Stanley-Angela.jpg,https://sc04.alicdn.com/kf/H4e03f3e626f84126954bd819b9a79c2fP/MB1006-MB1012-the-Office-Toby-Stanley-Angela.jpg,https://sc04.alicdn.com/kf/H4e03f3e626f84126954bd819b9a79c2fP/MB1006-MB1012-the-Office-Toby-Stanley-Angela.jpg_350x350.jpg,https://sc04.alicdn.com/kf/H4e03f3e626f84126954bd819b9a79c2fP/MB1006-MB1012-the-Office-Toby-Stanley-Angela.jpg | https://sc04.alicdn.com/kf/Ha4179b75b9754c3e92de692ac4a423beJ/MB1006-MB1012-the-Office-Toby-Stanley-Angela.jpg | https://sc04.alicdn.com/kf/H0375dba2c1e04ab1baf237a33df52951z/MB1006-MB1012-the-Office-Toby-Stanley-Angela.jpg | https://sc04.alicdn.com/kf/Hd13683f9eba840b0bfdfbb932160d5b0A/MB1006-MB1012-the-Office-Toby-Stanley-Angela.jpg | https://sc04.alicdn.com/kf/H27537aba76ec4ff5aa1d359882a62226v/MB1006-MB1012-the-Office-Toby-Stanley-Angela.jpg,https://sc04.alicdn.com/kf/H098f2ffecb5a4d22b682ba03690c47adr.jpg | https://sc04.alicdn.com/kf/H4d6277ca9d7b46fcae15f4d930d93c15E.jpg | https://sc04.alicdn.com/kf/H4712ce74dde34be6b908a65afe98e4bdV.jpg | https://sc04.alicdn.com/kf/H6522c414061b4ec397db7a838ce61b0cH.png | https://sc04.alicdn.com/kf/H0e3df8c915ad474b91100d591be77ad2E.jpg | https://sc04.alicdn.com/kf/H0d5e5f21aaec4861a2884709d94e2032n.jpg | https://sc04.alicdn.com/kf/Hfb8fded60af44afea4b66466f00448aeb.jpg | https://sc04.alicdn.com/kf/H75285813d93c45ee919322aace7c71a6M.jpg,3850,6,958459576,False
1601605402478,MB2002 Darth Revan Star Building Mini Block Wars Figure Brick Toys,$0.48-0.55,0.48,,$0.48-0.55 / piece,5 pieces,USD,https://www.alibaba.com/product-detail/MB2002-Darth-Revan-Star-Building-Mini_1601605402478.html,https://sc04.alicdn.com/kf/Hf8e89368d3fb4bd285af297796af27865/MB2002-Darth-Revan-Star-Building-Mini-Block.jpg,https://sc04.alicdn.com/kf/Hf8e89368d3fb4bd285af297796af27865/MB2002-Darth-Revan-Star-Building-Mini-Block.jpg,https://sc04.alicdn.com/kf/Hf8e89368d3fb4bd285af297796af27865/MB2002-Darth-Revan-Star-Building-Mini-Block.jpg_350x350.jpg,https://sc04.alicdn.com/kf/Hf8e89368d3fb4bd285af297796af27865/MB2002-Darth-Revan-Star-Building-Mini-Block.jpg | https://sc04.alicdn.com/kf/H66241191d4ee48b1827fdc176a1452805/MB2002-Darth-Revan-Star-Building-Mini-Block.jpg | https://sc04.alicdn.com/kf/H1d5fedcc2c294b798424b27eed5fb170N/MB2002-Darth-Revan-Star-Building-Mini-Block.jpg,https://sc04.alicdn.com/kf/H6522c414061b4ec397db7a838ce61b0cH.png | https://sc04.alicdn.com/kf/H698774b2508c411faf9cbda6013d3005z.jpg,2337,6,959894864,False
1601605472206,MB2003 Kit Fisto Star Building Mini Block Wars Figure Brick Toys,$0.53-0.60,0.53,,$0.53-0.60 / piece,5 pieces,USD,https://www.alibaba.com/product-detail/MB2003-Kit-Fisto-Star-Building-Mini_1601605472206.html,https://sc04.alicdn.com/kf/H1121b82050e2436f9e71447a6b0e2ef4s/MB2003-Kit-Fisto-Star-Building-Mini-Block.jpg,https://sc04.alicdn.com/kf/H1121b82050e2436f9e71447a6b0e2ef4s/MB2003-Kit-Fisto-Star-Building-Mini-Block.jpg,https://sc04.alicdn.com/kf/H1121b82050e2436f9e71447a6b0e2ef4s/MB2003-Kit-Fisto-Star-Building-Mini-Block.jpg_350x350.jpg,https://sc04.alicdn.com/kf/H1121b82050e2436f9e71447a6b0e2ef4s/MB2003-Kit-Fisto-Star-Building-Mini-Block.jpg | https://sc04.alicdn.com/kf/H1c80b2aa98174d97b6c26139fe91cc9cc/MB2003-Kit-Fisto-Star-Building-Mini-Block.jpg | https://sc04.alicdn.com/kf/H68597992e2ed4c78a9374beb29ecbfeai/MB2003-Kit-Fisto-Star-Building-Mini-Block.jpg,https://sc04.alicdn.com/kf/H6522c414061b4ec397db7a838ce61b0cH.png | https://sc04.alicdn.com/kf/H698774b2508c411faf9cbda6013d3005z.jpg,2400,6,959894864,False
1601605416419,MB2001 Darth Desolous Star Building Mini Block Wars Figure Brick Toys,$0.83-0.90,0.83,,$0.83-0.90 / piece,5 pieces,USD,https://www.alibaba.com/product-detail/MB2001-Darth-Desolous-Star-Building-Mini_1601605416419.html,https://sc04.alicdn.com/kf/Hae7a6991262241ceb2aa7a9f0ea7669eT/MB2001-Darth-Desolous-Star-Building-Mini-Block.jpg,https://sc04.alicdn.com/kf/Hae7a6991262241ceb2aa7a9f0ea7669eT/MB2001-Darth-Desolous-Star-Building-Mini-Block.jpg,https://sc04.alicdn.com/kf/Hae7a6991262241ceb2aa7a9f0ea7669eT/MB2001-Darth-Desolous-Star-Building-Mini-Block.jpg_350x350.jpg,https://sc04.alicdn.com/kf/Hae7a6991262241ceb2aa7a9f0ea7669eT/MB2001-Darth-Desolous-Star-Building-Mini-Block.jpg | https://sc04.alicdn.com/kf/H9501bfae7f2c43348f7c80e4d653f6fce/MB2001-Darth-Desolous-Star-Building-Mini-Block.jpg | https://sc04.alicdn.com/kf/H375458ab4a3945d5b90189bb87c562f4E/MB2001-Darth-Desolous-Star-Building-Mini-Block.jpg,https://sc04.alicdn.com/kf/H6522c414061b4ec397db7a838ce61b0cH.png | https://sc04.alicdn.com/kf/H00f1554a682f4c17bd21ca2ca7c5174a6.jpg,2388,6,959894864,False
1601597803890,MB1025 Breaking Bad  Mini Building Block Figures Brick Toys,$0.55-0.65,0.55,,$0.55-0.65 / piece,10 pieces,USD,https://www.alibaba.com/product-detail/MB1025-Breaking-Bad-Mini-Building-Block_1601597803890.html,https://sc04.alicdn.com/kf/Hb26096d3e4104415b31626202b01ed3bn/MB1025-Breaking-Bad-Mini-Building-Block-Figures.jpg,https://sc04.alicdn.com/kf/Hb26096d3e4104415b31626202b01ed3bn/MB1025-Breaking-Bad-Mini-Building-Block-Figures.jpg,https://sc04.alicdn.com/kf/Hb26096d3e4104415b31626202b01ed3bn/MB1025-Breaking-Bad-Mini-Building-Block-Figures.jpg_350x350.jpg,https://sc04.alicdn.com/kf/Hb26096d3e4104415b31626202b01ed3bn/MB1025-Breaking-Bad-Mini-Building-Block-Figures.jpg,https://sc04.alicdn.com/kf/H6522c414061b4ec397db7a838ce61b0cH.png | https://sc04.alicdn.com/kf/H356b450179aa47e79f55491b95a669c7y.jpg,4525,13,958459576,False
1601580303646,MB1001- MB1005 the Office Building Block Figure Brick Toys,$0.40-0.68,0.4,,$0.40-0.68 / piece,10 pieces,USD,https://www.alibaba.com/product-detail/MB1001-MB1005-the-Office-Building-Block_1601580303646.html,https://sc04.alicdn.com/kf/Hb649ea8957ed440c95814042602e4c07h/MB1001-MB1005-the-Office-Building-Block-Figure.jpg,https://sc04.alicdn.com/kf/Hb649ea8957ed440c95814042602e4c07h/MB1001-MB1005-the-Office-Building-Block-Figure.jpg,https://sc04.alicdn.com/kf/Hb649ea8957ed440c95814042602e4c07h/MB1001-MB1005-the-Office-Building-Block-Figure.jpg_350x350.jpg,https://sc04.alicdn.com/kf/Hb649ea8957ed440c95814042602e4c07h/MB1001-MB1005-the-Office-Building-Block-Figure.jpg | https://sc04.alicdn.com/kf/H3dfa4b5bc36c484b9213f9cfb676c5afp/MB1001-MB1005-the-Office-Building-Block-Figure.jpg | https://sc04.alicdn.com/kf/Hd112fda57feb458b9599a6a9aad76faav/MB1001-MB1005-the-Office-Building-Block-Figure.jpg | https://sc04.alicdn.com/kf/Hde00ea05e97c4a4d80eb85919c709b47J/MB1001-MB1005-the-Office-Building-Block-Figure.jpg | https://sc04.alicdn.com/kf/Hd4550b40fd814284a691b575807f5cc0Z/MB1001-MB1005-the-Office-Building-Block-Figure.jpg,https://sc04.alicdn.com/kf/Hd4abe91f724c42de81a3607fcd6e94b77.jpg | https://sc04.alicdn.com/kf/Hb4bfde0a3fa145808d849cbc76564e285.jpg | https://sc04.alicdn.com/kf/H0efe5113f64a462b9c9ebdce2ea37bc5i.jpg | https://sc04.alicdn.com/kf/H6522c414061b4ec397db7a838ce61b0cH.png | https://sc04.alicdn.com/kf/H53655e57b633460289260ad36e3feffaM.jpg | https://sc04.alicdn.com/kf/H24a2a36972e2439387ea8499b4f4ed93i.jpg,4372,10,958459576,False
1601561578864,JS1001-JS1005 Breaking Bad  Mini Building Block Figures Brick Toys,$0.40-0.50,0.4,,$0.40-0.50 / piece,10 pieces,USD,https://www.alibaba.com/product-detail/JS1001-JS1005-Breaking-Bad-Mini-Building_1601561578864.html,https://sc04.alicdn.com/kf/Hf1bbedc6e08f4c478de5ec6e381e25edj/JS1001-JS1005-Breaking-Bad-Mini-Building-Block.jpg,https://sc04.alicdn.com/kf/Hf1bbedc6e08f4c478de5ec6e381e25edj/JS1001-JS1005-Breaking-Bad-Mini-Building-Block.jpg,https://sc04.alicdn.com/kf/Hf1bbedc6e08f4c478de5ec6e381e25edj/JS1001-JS1005-Breaking-Bad-Mini-Building-Block.jpg_350x350.jpg,https://sc04.alicdn.com/kf/Hf1bbedc6e08f4c478de5ec6e381e25edj/JS1001-JS1005-Breaking-Bad-Mini-Building-Block.jpg | https://sc04.alicdn.com/kf/H68024686beef490d90e80e7f3c604c2cn/JS1001-JS1005-Breaking-Bad-Mini-Building-Block.jpg | https://sc04.alicdn.com/kf/Hd90c58f99ffc4836805c57f88ca990c43/JS1001-JS1005-Breaking-Bad-Mini-Building-Block.jpg | https://sc04.alicdn.com/kf/H76b1b50b54ff4700b4000dcc4007293ae/JS1001-JS1005-Breaking-Bad-Mini-Building-Block.jpg | https://sc04.alicdn.com/kf/Hfc94f59d14f44f85ac15c5fd7777b22fc/JS1001-JS1005-Breaking-Bad-Mini-Building-Block.jpg,https://sc04.alicdn.com/kf/H0182e8eaf71f4e6daf067abb4df1a80eg.jpg | https://sc04.alicdn.com/kf/Hb68e7dff19e94ee89bfae6acac6034aa3.jpg | https://sc04.alicdn.com/kf/Hea2b46eda3ae4d9da4403df002bdb9f9Y.jpg | https://sc04.alicdn.com/kf/H6522c414061b4ec397db7a838ce61b0cH.png | https://sc04.alicdn.com/kf/H146c343ed44448b7ae2e5dd90dce29e8D.jpg | https://sc04.alicdn.com/kf/H46c17e2cee4842efb51db09973d5b986w.jpg,9518,18,958459576,False
1600500928385,33060 Big Dinosaur Block Toys  Dinosaur Set Tyrannosaurus Rex Educacional Building Kits Toys for Kids,$0.50-2,0.5,,$0.50-2 / piece,10 pieces,USD,https://www.alibaba.com/product-detail/33060-Big-Dinosaur-Block-Toys-Dinosaur_1600500928385.html,https://sc04.alicdn.com/kf/H67c7569775784d1dbe576d33bc275cf0U/33060-Big-Dinosaur-Block-Toys-Dinosaur-Set.jpg,https://sc04.alicdn.com/kf/H67c7569775784d1dbe576d33bc275cf0U/33060-Big-Dinosaur-Block-Toys-Dinosaur-Set.jpg,https://sc04.alicdn.com/kf/H67c7569775784d1dbe576d33bc275cf0U/33060-Big-Dinosaur-Block-Toys-Dinosaur-Set.jpg_350x350.jpg,https://sc04.alicdn.com/kf/H67c7569775784d1dbe576d33bc275cf0U/33060-Big-Dinosaur-Block-Toys-Dinosaur-Set.jpg | https://sc04.alicdn.com/kf/Hee2829da1917403b950e0bb5937e160aX/33060-Big-Dinosaur-Block-Toys-Dinosaur-Set.png | https://sc04.alicdn.com/kf/H7c58155eb3824cf9941243646b321298K/33060-Big-Dinosaur-Block-Toys-Dinosaur-Set.png | https://sc04.alicdn.com/kf/Hbe90410c59744583bb01d3c776d297f1O/33060-Big-Dinosaur-Block-Toys-Dinosaur-Set.png | https://sc04.alicdn.com/kf/H6d08446d034d4dcdb46eec1974835ae1i/33060-Big-Dinosaur-Block-Toys-Dinosaur-Set.png,https://sc04.alicdn.com/kf/H6522c414061b4ec397db7a838ce61b0cH.png | https://sc04.alicdn.com/kf/Hc21725c21d9b4873aef86e180e3c0475s.jpg | https://sc04.alicdn.com/kf/H0a3916f415ec47378ac90381f41f9874b.jpg | https://sc04.alicdn.com/kf/H6d811d2577504b7185f3f669f2f9e53bi.jpg | https://sc04.alicdn.com/kf/H24d40639c8b44d69a8e584f19ea0951d0.jpg | https://sc04.alicdn.com/kf/H3dce980f42cf4b629a6ea2e0e406b73bB.jpg | https://sc04.alicdn.com/kf/H9caec1ab0c374958abec0792051b44f0t.jpg | https://sc04.alicdn.com/kf/He59bb1fb8bea4f7f89be659162cbb7dcb.jpg | https://sc04.alicdn.com/kf/H72066f7ff75245deb69a58e5af5d3bdaS.jpg | https://sc04.alicdn.com/kf/H8042d6126a5e4eaeabf532b7ce871a74Z.jpg | https://sc04.alicdn.com/kf/H4592ac3259644e71897edf620fdf319cQ.jpg | https://sc04.alicdn.com/kf/H1257f79641be402aa01d812eeb5b29afR.jpg | https://sc04.alicdn.com/kf/Hc35e04e7c4db40e2ae531397c6a325d74.jpg | https://sc04.alicdn.com/kf/Had14d61955924063b6c798533126a74eu.jpg | https://sc04.alicdn.com/kf/H099d3adf549c40a7a39e052ba8a281eb0.jpg | https://sc04.alicdn.com/kf/Hc49f3a24aa38421bada88679a67f0a3d2.jpg | https://sc04.alicdn.com/kf/Hf9953785e0c3487fb5be6236753dcd363.jpg | https://sc04.alicdn.com/kf/H0f40f9fbb051432b82bf2698aaec25e47.jpg | https://sc04.alicdn.com/kf/Hfcefe4986bbd4012b2704836162dbcc51.jpg | https://sc04.alicdn.com/kf/Hd65bb48a23434b57a2c441875a47ce90o.jpg | https://sc04.alicdn.com/kf/H2ac1e037917e49c78f57e5d691f8461aQ.jpg | https://sc04.alicdn.com/kf/H4858c602895a4828b3121faab7cb94e1B.jpg | https://sc04.alicdn.com/kf/Hcd841434532a446981c6a900a3893c34I.jpg | https://sc04.alicdn.com/kf/H181f0e745f484d54b8df70a375291d07T.jpg | https://sc04.alicdn.com/kf/Hc58c360499684b3b875bf8085c89fd96z.jpg | https://sc04.alicdn.com/kf/H5bd9042db8784ca2875bc09810c73f51V.jpg | https://sc04.alicdn.com/kf/H304e1507a3f04ec89a16881aa5fda238H.jpg | https://sc04.alicdn.com/kf/Hf928f86c17514cd79e3db568c0f9bd13A.jpg | https://sc04.alicdn.com/kf/He443dbf4d3ed493fa0c2cc676e44af25y.jpg | https://sc04.alicdn.com/kf/Hf4771de84e634700b221a10668d28fdbo.jpg | https://sc04.alicdn.com/kf/H26257b518d744f41828d97cf997dd6a0I.jpg | https://sc04.alicdn.com/kf/H18645e445a71401da2ecd6043a8cb0d7e.jpg | https://sc04.alicdn.com/kf/H88c64f7a11c047b09d91f25b76c8ba78p.jpg | https://sc04.alicdn.com/kf/H1d49020781ca482b85eb3ed715ca02d7j.jpg | https://sc04.alicdn.com/kf/Hc64424f377d04f95a56fbacda13ef320Z.jpg | https://sc04.alicdn.com/kf/H7f196fcb60f747a6b0ebe8c0654e732eF.jpg | https://sc04.alicdn.com/kf/H86df77d6feda4a2cb34fd90bd05869e87.jpg | https://sc04.alicdn.com/kf/Hc0661092835449629809acb862a20ce2b.jpg | https://sc04.alicdn.com/kf/H58cdf82a44e54046be58c537bfb38491q.jpg | https://sc04.alicdn.com/kf/H72dc19e0256044378a042bd9cfc3c88a8.jpg | https://sc04.alicdn.com/kf/H5fdb1a79548e49bfaae0ce9ea495c980M.jpg | https://sc04.alicdn.com/kf/H8596fdb9d97b445382b2de34de1ce799C.jpg,3559,21,914500836,False
1601442810382,MB0005  Super Heroes Fantastic Four Movie Doctor Doom Silver Surfer Human Torch Thing Building Block Figures Toys G0141,$0.38-0.50,0.38,,$0.38-0.50 / piece,10 pieces,USD,https://www.alibaba.com/product-detail/MB0005-Super-Heroes-Fantastic-Four-Movie_1601442810382.html,https://sc04.alicdn.com/kf/H59a60197607d494890df1c2ec60cdbf0y/MB0005-Super-Heroes-Fantastic-Four-Movie-Doctor.jpg,https://sc04.alicdn.com/kf/H59a60197607d494890df1c2ec60cdbf0y/MB0005-Super-Heroes-Fantastic-Four-Movie-Doctor.jpg,https://sc04.alicdn.com/kf/H59a60197607d494890df1c2ec60cdbf0y/MB0005-Super-Heroes-Fantastic-Four-Movie-Doctor.jpg_350x350.jpg,https://sc04.alicdn.com/kf/H59a60197607d494890df1c2ec60cdbf0y/MB0005-Super-Heroes-Fantastic-Four-Movie-Doctor.jpg | https://sc04.alicdn.com/kf/H7408076c93e842ce8d19d2938606ddccP/MB0005-Super-Heroes-Fantastic-Four-Movie-Doctor.jpg | https://sc04.alicdn.com/kf/Hbc538bd08b924f0d94c5b0a46da4d7bbl/MB0005-Super-Heroes-Fantastic-Four-Movie-Doctor.jpg | https://sc04.alicdn.com/kf/H2d9b04c671d54293bae1e1e2c00034f9G/MB0005-Super-Heroes-Fantastic-Four-Movie-Doctor.jpg | https://sc04.alicdn.com/kf/H6f06d33e73364ce28735ffd4d2b4b462z/MB0005-Super-Heroes-Fantastic-Four-Movie-Doctor.jpg,https://sc04.alicdn.com/kf/Hf2e92ddf2a6d44caa827cc82fe99ff75q.jpg | https://sc04.alicdn.com/kf/Ha30e1c54097742b6ad32c59db0e5f4e8F.jpg | https://sc04.alicdn.com/kf/H2e5c301d9b364da7ba63408381be3ce2Q.jpg | https://sc04.alicdn.com/kf/He528f5cb7d9d40bdbc5e92f2f0562d27Y.jpg | https://sc04.alicdn.com/kf/H6522c414061b4ec397db7a838ce61b0cH.png | https://sc04.alicdn.com/kf/H9852815fe7a44f7e8eacd53873bbe0d3j.jpg,0,9,959894864,False
1601442802394,MB0004  Super Heroes Fantastic Four Movie Doctor Doom Silver Surfer Human Torch Thing Building Block Figures Toys G0141,$0.38-0.50,0.38,,$0.38-0.50 / piece,10 pieces,USD,https://www.alibaba.com/product-detail/MB0004-Super-Heroes-Fantastic-Four-Movie_1601442802394.html,https://sc04.alicdn.com/kf/Haf47e3ff9fb04d9b90c99645434b0133n/MB0004-Super-Heroes-Fantastic-Four-Movie-Doctor.jpg,https://sc04.alicdn.com/kf/Haf47e3ff9fb04d9b90c99645434b0133n/MB0004-Super-Heroes-Fantastic-Four-Movie-Doctor.jpg,https://sc04.alicdn.com/kf/Haf47e3ff9fb04d9b90c99645434b0133n/MB0004-Super-Heroes-Fantastic-Four-Movie-Doctor.jpg_350x350.jpg,https://sc04.alicdn.com/kf/Haf47e3ff9fb04d9b90c99645434b0133n/MB0004-Super-Heroes-Fantastic-Four-Movie-Doctor.jpg,https://sc04.alicdn.com/kf/Hf2e92ddf2a6d44caa827cc82fe99ff75q.jpg | https://sc04.alicdn.com/kf/Ha30e1c54097742b6ad32c59db0e5f4e8F.jpg | https://sc04.alicdn.com/kf/H2e5c301d9b364da7ba63408381be3ce2Q.jpg | https://sc04.alicdn.com/kf/He528f5cb7d9d40bdbc5e92f2f0562d27Y.jpg | https://sc04.alicdn.com/kf/H6522c414061b4ec397db7a838ce61b0cH.png | https://sc04.alicdn.com/kf/H9852815fe7a44f7e8eacd53873bbe0d3j.jpg,0,9,959894864,False
1601442766529,MB0003  Super Heroes Fantastic Four Movie Doctor Doom Silver Surfer Human Torch Thing Building Block Figures Toys G0141,$0.38-0.50,0.38,,$0.38-0.50 / piece,10 pieces,USD,https://www.alibaba.com/product-detail/MB0003-Super-Heroes-Fantastic-Four-Movie_1601442766529.html,https://sc04.alicdn.com/kf/H38900da168df4ca7bb33ed0f3ccf6bf9H/MB0003-Super-Heroes-Fantastic-Four-Movie-Doctor.jpg,https://sc04.alicdn.com/kf/H38900da168df4ca7bb33ed0f3ccf6bf9H/MB0003-Super-Heroes-Fantastic-Four-Movie-Doctor.jpg,https://sc04.alicdn.com/kf/H38900da168df4ca7bb33ed0f3ccf6bf9H/MB0003-Super-Heroes-Fantastic-Four-Movie-Doctor.jpg_350x350.jpg,https://sc04.alicdn.com/kf/H38900da168df4ca7bb33ed0f3ccf6bf9H/MB0003-Super-Heroes-Fantastic-Four-Movie-Doctor.jpg | https://sc04.alicdn.com/kf/H364a60c86f0d4f24b0a80738801eb1b28/MB0003-Super-Heroes-Fantastic-Four-Movie-Doctor.jpg | https://sc04.alicdn.com/kf/Hbb5c887f53234e9db94557c20f08d231L/MB0003-Super-Heroes-Fantastic-Four-Movie-Doctor.jpg | https://sc04.alicdn.com/kf/Habc00fbcd5754caaa46b080e2838d1b3E/MB0003-Super-Heroes-Fantastic-Four-Movie-Doctor.jpg | https://sc04.alicdn.com/kf/H2cb994a2730b4b0388332b1400102678h/MB0003-Super-Heroes-Fantastic-Four-Movie-Doctor.jpg,https://sc04.alicdn.com/kf/Hf2e92ddf2a6d44caa827cc82fe99ff75q.jpg | https://sc04.alicdn.com/kf/Ha30e1c54097742b6ad32c59db0e5f4e8F.jpg | https://sc04.alicdn.com/kf/H2e5c301d9b364da7ba63408381be3ce2Q.jpg | https://sc04.alicdn.com/kf/He528f5cb7d9d40bdbc5e92f2f0562d27Y.jpg | https://sc04.alicdn.com/kf/H6522c414061b4ec397db7a838ce61b0cH.png | https://sc04.alicdn.com/kf/H9852815fe7a44f7e8eacd53873bbe0d3j.jpg,0,9,959894864,False
1601442736710,MB0002  Super Heroes Fantastic Four Movie Doctor Doom Silver Surfer Human Torch Thing Building Block Figures Toys G0141,$0.38-0.50,0.38,,$0.38-0.50 / piece,10 pieces,USD,https://www.alibaba.com/product-detail/MB0002-Super-Heroes-Fantastic-Four-Movie_1601442736710.html,https://sc04.alicdn.com/kf/Hcc8967e17a344d48be40943fae13c677r/MB0002-Super-Heroes-Fantastic-Four-Movie-Doctor.jpg,https://sc04.alicdn.com/kf/Hcc8967e17a344d48be40943fae13c677r/MB0002-Super-Heroes-Fantastic-Four-Movie-Doctor.jpg,https://sc04.alicdn.com/kf/Hcc8967e17a344d48be40943fae13c677r/MB0002-Super-Heroes-Fantastic-Four-Movie-Doctor.jpg_350x350.jpg,https://sc04.alicdn.com/kf/Hcc8967e17a344d48be40943fae13c677r/MB0002-Super-Heroes-Fantastic-Four-Movie-Doctor.jpg | https://sc04.alicdn.com/kf/H77b47bb1e3a2414dbece4c4288b1da3bk/MB0002-Super-Heroes-Fantastic-Four-Movie-Doctor.jpg | https://sc04.alicdn.com/kf/H441d37046fd245f9a9cecfdb69795efdF/MB0002-Super-Heroes-Fantastic-Four-Movie-Doctor.jpg | https://sc04.alicdn.com/kf/H01829c4d93674b9d98a00eaf9bb77fc5w/MB0002-Super-Heroes-Fantastic-Four-Movie-Doctor.jpg | https://sc04.alicdn.com/kf/Hb82719e92c0346ceac35089c1d4ae3bd1/MB0002-Super-Heroes-Fantastic-Four-Movie-Doctor.jpg,https://sc04.alicdn.com/kf/Hf2e92ddf2a6d44caa827cc82fe99ff75q.jpg | https://sc04.alicdn.com/kf/Ha30e1c54097742b6ad32c59db0e5f4e8F.jpg | https://sc04.alicdn.com/kf/H2e5c301d9b364da7ba63408381be3ce2Q.jpg | https://sc04.alicdn.com/kf/He528f5cb7d9d40bdbc5e92f2f0562d27Y.jpg | https://sc04.alicdn.com/kf/H6522c414061b4ec397db7a838ce61b0cH.png | https://sc04.alicdn.com/kf/H9852815fe7a44f7e8eacd53873bbe0d3j.jpg,0,9,959894864,False
1601442728582,MB0001-MB0005  Super Heroes Fantastic Four Movie Doctor Doom Silver Surfer Human Torch Thing Building Block Figures Toys G0141,$0.38-0.50,0.38,,$0.38-0.50 / piece,10 pieces,USD,https://www.alibaba.com/product-detail/MB0001-MB0005-Super-Heroes-Fantastic-Four_1601442728582.html,https://sc04.alicdn.com/kf/H11a9396da3cf4389a26a03b0286341dcv/MB0001-MB0005-Super-Heroes-Fantastic-Four-Movie.jpg,https://sc04.alicdn.com/kf/H11a9396da3cf4389a26a03b0286341dcv/MB0001-MB0005-Super-Heroes-Fantastic-Four-Movie.jpg,https://sc04.alicdn.com/kf/H11a9396da3cf4389a26a03b0286341dcv/MB0001-MB0005-Super-Heroes-Fantastic-Four-Movie.jpg_350x350.jpg,https://sc04.alicdn.com/kf/H11a9396da3cf4389a26a03b0286341dcv/MB0001-MB0005-Super-Heroes-Fantastic-Four-Movie.jpg | https://sc04.alicdn.com/kf/H2700290a27ba46f3884916939fa22fc7h/MB0001-MB0005-Super-Heroes-Fantastic-Four-Movie.jpg | https://sc04.alicdn.com/kf/H5985f4d4b2974f82a536cd78c4a26c7f6/MB0001-MB0005-Super-Heroes-Fantastic-Four-Movie.jpg | https://sc04.alicdn.com/kf/Ha13ca657803f40019bee4ae8fd8ab8a3p/MB0001-MB0005-Super-Heroes-Fantastic-Four-Movie.jpg | https://sc04.alicdn.com/kf/H5daeac27ae9040f98d5715a5d967ee8cS/MB0001-MB0005-Super-Heroes-Fantastic-Four-Movie.jpg,https://sc04.alicdn.com/kf/Hf2e92ddf2a6d44caa827cc82fe99ff75q.jpg | https://sc04.alicdn.com/kf/Ha30e1c54097742b6ad32c59db0e5f4e8F.jpg | https://sc04.alicdn.com/kf/H2e5c301d9b364da7ba63408381be3ce2Q.jpg | https://sc04.alicdn.com/kf/He528f5cb7d9d40bdbc5e92f2f0562d27Y.jpg | https://sc04.alicdn.com/kf/H6522c414061b4ec397db7a838ce61b0cH.png | https://sc04.alicdn.com/kf/H9852815fe7a44f7e8eacd53873bbe0d3j.jpg,6560,25,958459576,False
1601442774458,MB0001  Super Heroes Fantastic Four Movie Doctor Doom Silver Surfer Human Torch Thing Building Block Figures Toys,$0.38-0.50,0.38,,$0.38-0.50 / piece,10 pieces,USD,https://www.alibaba.com/product-detail/MB0001-Super-Heroes-Fantastic-Four-Movie_1601442774458.html,https://sc04.alicdn.com/kf/H514f5d29292f49d1bbf7cc29de305f91l/MB0001-Super-Heroes-Fantastic-Four-Movie-Doctor.jpg,https://sc04.alicdn.com/kf/H514f5d29292f49d1bbf7cc29de305f91l/MB0001-Super-Heroes-Fantastic-Four-Movie-Doctor.jpg,https://sc04.alicdn.com/kf/H514f5d29292f49d1bbf7cc29de305f91l/MB0001-Super-Heroes-Fantastic-Four-Movie-Doctor.jpg_350x350.jpg,https://sc04.alicdn.com/kf/H514f5d29292f49d1bbf7cc29de305f91l/MB0001-Super-Heroes-Fantastic-Four-Movie-Doctor.jpg | https://sc04.alicdn.com/kf/H980316f9436942cdb32d71ff3af76ff8L/MB0001-Super-Heroes-Fantastic-Four-Movie-Doctor.jpg | https://sc04.alicdn.com/kf/He0e89d6263e74dfbbde04025d41f1b327/MB0001-Super-Heroes-Fantastic-Four-Movie-Doctor.jpg | https://sc04.alicdn.com/kf/H671fe63d3afa4ba1ad9e043b16b98605Y/MB0001-Super-Heroes-Fantastic-Four-Movie-Doctor.jpg | https://sc04.alicdn.com/kf/Ha4c4eaa083394cd28ab0df97db239e2al/MB0001-Super-Heroes-Fantastic-Four-Movie-Doctor.jpg,https://sc04.alicdn.com/kf/Hf2e92ddf2a6d44caa827cc82fe99ff75q.jpg | https://sc04.alicdn.com/kf/Ha30e1c54097742b6ad32c59db0e5f4e8F.jpg | https://sc04.alicdn.com/kf/H2e5c301d9b364da7ba63408381be3ce2Q.jpg | https://sc04.alicdn.com/kf/He528f5cb7d9d40bdbc5e92f2f0562d27Y.jpg | https://sc04.alicdn.com/kf/H6522c414061b4ec397db7a838ce61b0cH.png | https://sc04.alicdn.com/kf/H9852815fe7a44f7e8eacd53873bbe0d3j.jpg,0,9,959894864,False
1600508771732,X0327 Big Size New Super Heroes Venom Carnage Anti-Venom Roit Building Blocks Collection Action Figures Kids Gift Toys,$1-1.25,1.0,,$1-1.25 / piece,10 pieces,USD,https://www.alibaba.com/product-detail/X0327-Big-Size-New-Super-Heroes_1600508771732.html,https://sc04.alicdn.com/kf/H55980c14dfa54c6eb99f1f9ff5c851b1H/X0327-Big-Size-New-Super-Heroes-Venom.jpg,https://sc04.alicdn.com/kf/H55980c14dfa54c6eb99f1f9ff5c851b1H/X0327-Big-Size-New-Super-Heroes-Venom.jpg,https://sc04.alicdn.com/kf/H55980c14dfa54c6eb99f1f9ff5c851b1H/X0327-Big-Size-New-Super-Heroes-Venom.jpg_350x350.jpg,https://sc04.alicdn.com/kf/H55980c14dfa54c6eb99f1f9ff5c851b1H/X0327-Big-Size-New-Super-Heroes-Venom.jpg | https://sc04.alicdn.com/kf/H525260569a97416496ea00aebdcb4e2dd/X0327-Big-Size-New-Super-Heroes-Venom.jpg | https://sc04.alicdn.com/kf/H5c18ff838d3043148aeb8524cf7a3132q/X0327-Big-Size-New-Super-Heroes-Venom.jpg | https://sc04.alicdn.com/kf/Ha2e83bbf6e52413594831d4ca412ea4eU/X0327-Big-Size-New-Super-Heroes-Venom.jpg | https://sc04.alicdn.com/kf/H9954a267b09a40db8dc4f36c552ea0bd2/X0327-Big-Size-New-Super-Heroes-Venom.jpg,https://sc04.alicdn.com/kf/H6522c414061b4ec397db7a838ce61b0cH.png | https://sc04.alicdn.com/kf/He069e235f04941ff88167113c53e13a4F.jpg | https://sc04.alicdn.com/kf/Hd3d2186f71064bc58689a47728a5ce3a6.jpg | https://sc04.alicdn.com/kf/Hdd4ceebb704246b19bec8e96e3fa4bb1T.jpg | https://sc04.alicdn.com/kf/H40f5899119ef4338be265461e29bdf15G.jpg | https://sc04.alicdn.com/kf/H6d8f1d092e5f48f48b123899bc433f6aW.jpg | https://sc04.alicdn.com/kf/Hd4a9d9ea72284f2c98bfe64c033af51a6.jpg | https://sc04.alicdn.com/kf/Hbf0fce3aabed4cc08d6a35ca4abe07f65.jpg | https://sc04.alicdn.com/kf/He6dd262c652c4f56aa5ddb8a7f06ffecG.jpg,0,1,915221587,False
1600989599845,LE04 LE05 LE06 DC Mocie XE SUIT Armor Bat Super Heroes Character Man Bricks Assemble Educational Building Blocks Kids Toys,$0.80-0.90,0.8,,$0.80-0.90 / piece,10 pieces,USD,https://www.alibaba.com/product-detail/LE04-LE05-LE06-DC-Mocie-XE_1600989599845.html,https://sc04.alicdn.com/kf/Haaac40a6423b41a2a82c0ce67d7404d8A/LE04-LE05-LE06-DC-Mocie-XE-SUIT.png,https://sc04.alicdn.com/kf/Haaac40a6423b41a2a82c0ce67d7404d8A/LE04-LE05-LE06-DC-Mocie-XE-SUIT.png,https://sc04.alicdn.com/kf/Haaac40a6423b41a2a82c0ce67d7404d8A/LE04-LE05-LE06-DC-Mocie-XE-SUIT.png_350x350.png,https://sc04.alicdn.com/kf/Haaac40a6423b41a2a82c0ce67d7404d8A/LE04-LE05-LE06-DC-Mocie-XE-SUIT.png | https://sc04.alicdn.com/kf/Ha03a73f17f3a4eb8af80f8ae1d8b05b2b/LE04-LE05-LE06-DC-Mocie-XE-SUIT.jpg | https://sc04.alicdn.com/kf/H011677d763524f679788e44a0aa33d5eH/LE04-LE05-LE06-DC-Mocie-XE-SUIT.jpg | https://sc04.alicdn.com/kf/H4ea08bc9ccf54a3499ab9f06a45ee9712/LE04-LE05-LE06-DC-Mocie-XE-SUIT.jpg | https://sc04.alicdn.com/kf/H40930b4b58c44d5c8f7ad57b797f7f18L/LE04-LE05-LE06-DC-Mocie-XE-SUIT.jpg,https://sc04.alicdn.com/kf/H6522c414061b4ec397db7a838ce61b0cH.png | https://sc04.alicdn.com/kf/H908143e3cbe743858d64a9e2317078fa5.jpg | https://sc04.alicdn.com/kf/H28ce7572cd084fd59b7567af71c9be32y.jpg | https://sc04.alicdn.com/kf/H7e9ba2aceb2b4cd08c9d182f437d6a1eh.jpg,0,0,913829500,False
1601135318575,MY501~MY505 Space Marines Game Blood Angels Imperial Fists Dark Angels Figure Outrider Building Block Collect Plastic Toy,$0.95-1.15,0.95,,$0.95-1.15 / piece,10 pieces,USD,https://www.alibaba.com/product-detail/MY501-MY505-Space-Marines-Game-Blood_1601135318575.html,https://sc04.alicdn.com/kf/H3101c99f4eea4ff78f5f0301e90c3377A/MY501-MY505-Space-Marines-Game-Blood-Angels.jpg,https://sc04.alicdn.com/kf/H3101c99f4eea4ff78f5f0301e90c3377A/MY501-MY505-Space-Marines-Game-Blood-Angels.jpg,https://sc04.alicdn.com/kf/H3101c99f4eea4ff78f5f0301e90c3377A/MY501-MY505-Space-Marines-Game-Blood-Angels.jpg_350x350.jpg,https://sc04.alicdn.com/kf/H3101c99f4eea4ff78f5f0301e90c3377A/MY501-MY505-Space-Marines-Game-Blood-Angels.jpg | https://sc04.alicdn.com/kf/H5b5892272dc947f897e6facd4135e36eY/MY501-MY505-Space-Marines-Game-Blood-Angels.jpg | https://sc04.alicdn.com/kf/Hf339acf431d44af596474c4244d7ce26X/MY501-MY505-Space-Marines-Game-Blood-Angels.jpg | https://sc04.alicdn.com/kf/H53328ada8d2049139bc0b578e14ac6f89/MY501-MY505-Space-Marines-Game-Blood-Angels.jpg | https://sc04.alicdn.com/kf/H78edcd3b249d4464826ff1a91a6ddc27G/MY501-MY505-Space-Marines-Game-Blood-Angels.jpg,https://sc04.alicdn.com/kf/H32a455e06aa4441d95fb8013298a6c63K.jpg | https://sc04.alicdn.com/kf/H2faccbc0e19f4d6ebc8afe16a752a456Q.jpg | https://sc04.alicdn.com/kf/H65c15e5abd4e41b18ba206dff1e40b71a.jpg | https://sc04.alicdn.com/kf/Hf92c6d680a4d4959a8906ceca6ddc5b4R.png | https://sc04.alicdn.com/kf/H64bb587dca024bb29181de275074212a8.jpg | https://sc04.alicdn.com/kf/H57506b91c5d247ea8bdb88e7b54ef7a6j.jpg,0,3,928800243,False
1601413321656,N049-N052 Napoleon Soldier Cavalry Infantry Building Blocks Brick Educational Toy,$0.50-0.65,0.5,,$0.50-0.65 / piece,10 pieces,USD,https://www.alibaba.com/product-detail/N049-N052-Napoleon-Soldier-Cavalry-Infantry_1601413321656.html,https://sc04.alicdn.com/kf/H4d43e6994cfe4252bbb67bb64ff0716eF/N049-N052-Napoleon-Soldier-Cavalry-Infantry-Building.png,https://sc04.alicdn.com/kf/H4d43e6994cfe4252bbb67bb64ff0716eF/N049-N052-Napoleon-Soldier-Cavalry-Infantry-Building.png,https://sc04.alicdn.com/kf/H4d43e6994cfe4252bbb67bb64ff0716eF/N049-N052-Napoleon-Soldier-Cavalry-Infantry-Building.png_350x350.png,https://sc04.alicdn.com/kf/H4d43e6994cfe4252bbb67bb64ff0716eF/N049-N052-Napoleon-Soldier-Cavalry-Infantry-Building.png | https://sc04.alicdn.com/kf/H49395acdf58a448788cde81986f59e06c/N049-N052-Napoleon-Soldier-Cavalry-Infantry-Building.png | https://sc04.alicdn.com/kf/Hc349be4bc43c48658b89c6483e242ebal/N049-N052-Napoleon-Soldier-Cavalry-Infantry-Building.png | https://sc04.alicdn.com/kf/H28ee0173259d4669938e70d16eddef5bK/N049-N052-Napoleon-Soldier-Cavalry-Infantry-Building.png | https://sc04.alicdn.com/kf/H57ffd0207c004310afaf5f7a00344595d/N049-N052-Napoleon-Soldier-Cavalry-Infantry-Building.png,https://sc04.alicdn.com/kf/H6522c414061b4ec397db7a838ce61b0cH.png | https://sc04.alicdn.com/kf/Hd783525e632040c4a5ec4f45260f4595F.png | https://sc04.alicdn.com/kf/H93c618264b564c9e86c690dc3e832484w.png | https://sc04.alicdn.com/kf/H572e92b71fa34530be90a860da392db98.png | https://sc04.alicdn.com/kf/H083421c6e33a4d74ad7411f13ee77b42w.png,0,9,930297681,False
1601413084943,GP801 Game Character Mini Bricks Plastic Collect Educational Model Action Assembled Building Blocks Children Gift Toys Juguetes,$0.60-0.75,0.6,,$0.60-0.75 / piece,5 pieces,USD,https://www.alibaba.com/product-detail/GP801-Game-Character-Mini-Bricks-Plastic_1601413084943.html,https://sc04.alicdn.com/kf/Hfe34c8a3d17d44a8bfae05a3fff799a6v/GP801-Game-Character-Mini-Bricks-Plastic-Collect.png,https://sc04.alicdn.com/kf/Hfe34c8a3d17d44a8bfae05a3fff799a6v/GP801-Game-Character-Mini-Bricks-Plastic-Collect.png,https://sc04.alicdn.com/kf/Hfe34c8a3d17d44a8bfae05a3fff799a6v/GP801-Game-Character-Mini-Bricks-Plastic-Collect.png_350x350.png,https://sc04.alicdn.com/kf/Hfe34c8a3d17d44a8bfae05a3fff799a6v/GP801-Game-Character-Mini-Bricks-Plastic-Collect.png | https://sc04.alicdn.com/kf/H05c596947d4e4229ba9aa90edfc36569W/GP801-Game-Character-Mini-Bricks-Plastic-Collect.jpg | https://sc04.alicdn.com/kf/Hc11684b62d614233900f1a3d7ac94f72V/GP801-Game-Character-Mini-Bricks-Plastic-Collect.jpg | https://sc04.alicdn.com/kf/H05ccc2ba4b3e4101abd036446d0252a0v/GP801-Game-Character-Mini-Bricks-Plastic-Collect.png | https://sc04.alicdn.com/kf/Hd38fdd156676411795b7bcad635f614fr/GP801-Game-Character-Mini-Bricks-Plastic-Collect.png,https://sc04.alicdn.com/kf/H6522c414061b4ec397db7a838ce61b0cH.png | https://sc04.alicdn.com/kf/H9ca14cf9c5c24cd2a7b6eed81dddee9et.jpg,0,8,951048756,False
1601413065696,FQ101 FQ102 Wholesale Juguetes  Anime BERSERK DIY Building Block Sets Educational Toys Kids,$0.85-1,0.85,,$0.85-1 / piece,5 pieces,USD,https://www.alibaba.com/product-detail/FQ101-FQ102-Wholesale-Juguetes-Anime-BERSERK_1601413065696.html,https://sc04.alicdn.com/kf/H0a8e95b4e9fe4309a3d49825721d5807F/FQ101-FQ102-Wholesale-Juguetes-Anime-BERSERK-DIY.jpg,https://sc04.alicdn.com/kf/H0a8e95b4e9fe4309a3d49825721d5807F/FQ101-FQ102-Wholesale-Juguetes-Anime-BERSERK-DIY.jpg,https://sc04.alicdn.com/kf/H0a8e95b4e9fe4309a3d49825721d5807F/FQ101-FQ102-Wholesale-Juguetes-Anime-BERSERK-DIY.jpg_350x350.jpg,https://sc04.alicdn.com/kf/H0a8e95b4e9fe4309a3d49825721d5807F/FQ101-FQ102-Wholesale-Juguetes-Anime-BERSERK-DIY.jpg | https://sc04.alicdn.com/kf/H60cd60db0b574256a9cc5df2835d87b6j/FQ101-FQ102-Wholesale-Juguetes-Anime-BERSERK-DIY.jpg | https://sc04.alicdn.com/kf/H071ae526d9144ea48ce1b2004192f742r/FQ101-FQ102-Wholesale-Juguetes-Anime-BERSERK-DIY.jpg,https://sc04.alicdn.com/kf/H6522c414061b4ec397db7a838ce61b0cH.png | https://sc04.alicdn.com/kf/H09cebd5998194f7885578e4e6f038f80n.jpg,0,7,928800243,False
1601413064362,FQ101 FQ102 Wholesale Juguetes  Anime BERSERK DIY Building Block Sets Educational Toys Kids,$0.70-0.86,0.7,,$0.70-0.86 / piece,5 pieces,USD,https://www.alibaba.com/product-detail/FQ101-FQ102-Wholesale-Juguetes-Anime-BERSERK_1601413064362.html,https://sc04.alicdn.com/kf/H7cd023f0203c4b84aaee1ab7cbb71556d/FQ101-FQ102-Wholesale-Juguetes-Anime-BERSERK-DIY.jpg,https://sc04.alicdn.com/kf/H7cd023f0203c4b84aaee1ab7cbb71556d/FQ101-FQ102-Wholesale-Juguetes-Anime-BERSERK-DIY.jpg,https://sc04.alicdn.com/kf/H7cd023f0203c4b84aaee1ab7cbb71556d/FQ101-FQ102-Wholesale-Juguetes-Anime-BERSERK-DIY.jpg_350x350.jpg,https://sc04.alicdn.com/kf/H7cd023f0203c4b84aaee1ab7cbb71556d/FQ101-FQ102-Wholesale-Juguetes-Anime-BERSERK-DIY.jpg | https://sc04.alicdn.com/kf/Hbebcfa479a7844469f6ba1991c5f74c3H/FQ101-FQ102-Wholesale-Juguetes-Anime-BERSERK-DIY.jpg | https://sc04.alicdn.com/kf/H0b40641f749c445580f58f8c031670d3l/FQ101-FQ102-Wholesale-Juguetes-Anime-BERSERK-DIY.jpg,https://sc04.alicdn.com/kf/H6522c414061b4ec397db7a838ce61b0cH.png | https://sc04.alicdn.com/kf/H08bb6f1e1a714cdd90484ecc3c735bd6s.jpg,0,8,928800243,False
1601412861849,W1336-W1341 Mech Soldiers Armor Guard Plastic Educational Toys Mini Building Block Toys for Boys Kids Girls,$1.02-1.25,1.02,,$1.02-1.25 / piece,10 pieces,USD,https://www.alibaba.com/product-detail/W1336-W1341-Mech-Soldiers-Armor-Guard_1601412861849.html,https://sc04.alicdn.com/kf/H6354de48b69c46cbb27a6af2fa7cb331V/W1336-W1341-Mech-Soldiers-Armor-Guard-Plastic.jpg,https://sc04.alicdn.com/kf/H6354de48b69c46cbb27a6af2fa7cb331V/W1336-W1341-Mech-Soldiers-Armor-Guard-Plastic.jpg,https://sc04.alicdn.com/kf/H6354de48b69c46cbb27a6af2fa7cb331V/W1336-W1341-Mech-Soldiers-Armor-Guard-Plastic.jpg_350x350.jpg,https://sc04.alicdn.com/kf/H6354de48b69c46cbb27a6af2fa7cb331V/W1336-W1341-Mech-Soldiers-Armor-Guard-Plastic.jpg | https://sc04.alicdn.com/kf/Hfd92394ae10a4bf783c3942319e097f3N/W1336-W1341-Mech-Soldiers-Armor-Guard-Plastic.jpg | https://sc04.alicdn.com/kf/H1532a9e1db3f428ca50a0138f5d9c3d02/W1336-W1341-Mech-Soldiers-Armor-Guard-Plastic.jpg | https://sc04.alicdn.com/kf/Ha462b16a68064b4a88a7ea9af571f87aI/W1336-W1341-Mech-Soldiers-Armor-Guard-Plastic.jpg | https://sc04.alicdn.com/kf/Hb05632a47aae4d399058e8bfe05399b0x/W1336-W1341-Mech-Soldiers-Armor-Guard-Plastic.jpg,https://sc04.alicdn.com/kf/H6522c414061b4ec397db7a838ce61b0cH.png | https://sc04.alicdn.com/kf/H982864c81b3b49b88fdfd6e956ffd00a8.jpg | https://sc04.alicdn.com/kf/Haa65ccfd8c0042a8b6adf5d4d6bf884d4.jpg | https://sc04.alicdn.com/kf/H1de0fc0606454adaaeaa2c97386eeb37c.jpg | https://sc04.alicdn.com/kf/Hc8fb1e657f124155b95606252a4ee2abc.jpg | https://sc04.alicdn.com/kf/Haff4ef90e42546de996557c8a4eced4c1.jpg | https://sc04.alicdn.com/kf/H25a1c0577b074f38ae4acc4c6843fe65f.jpg,0,9,928800243,False
1601221903723,DY Anime One PieceS Building Block Toys,$0.40-1.19,0.4,,$0.40-1.19 / piece,10 pieces,USD,https://www.alibaba.com/product-detail/DY-Anime-One-PieceS-Building-Block_1601221903723.html,https://sc04.alicdn.com/kf/Hf37d3ad2df924560a4e3ae8cf88aea0dI/DY-Anime-One-PieceS-Building-Block-Toys.jpg,https://sc04.alicdn.com/kf/Hf37d3ad2df924560a4e3ae8cf88aea0dI/DY-Anime-One-PieceS-Building-Block-Toys.jpg,https://sc04.alicdn.com/kf/Hf37d3ad2df924560a4e3ae8cf88aea0dI/DY-Anime-One-PieceS-Building-Block-Toys.jpg_350x350.jpg,https://sc04.alicdn.com/kf/Hf37d3ad2df924560a4e3ae8cf88aea0dI/DY-Anime-One-PieceS-Building-Block-Toys.jpg | https://sc04.alicdn.com/kf/Hdb4cf52e9f9a446aabf1f40adf23adcdv/DY-Anime-One-PieceS-Building-Block-Toys.jpg | https://sc04.alicdn.com/kf/Hc003ef17209c47b69ed758d499293ffeN/DY-Anime-One-PieceS-Building-Block-Toys.jpg | https://sc04.alicdn.com/kf/Hdd9e3e82e6534d509890aad256337bf4q/DY-Anime-One-PieceS-Building-Block-Toys.jpg | https://sc04.alicdn.com/kf/Hfe84e7e71d2a4b7ab8fa86446e67e106h/DY-Anime-One-PieceS-Building-Block-Toys.jpg,https://sc04.alicdn.com/kf/H12b1c4b516964739820ad149e420b78f5.jpg | https://sc04.alicdn.com/kf/Hcc5f823be7614948b3e7f44b63ab09f0J.jpg | https://sc04.alicdn.com/kf/Hf5df6dcffe544edf9d2bb40595aaf810h.jpg | https://sc04.alicdn.com/kf/H49bf60e667dd47a489ff4463f2262e935.jpg | https://sc04.alicdn.com/kf/H60ff5d4a326a4a09b1a956171f7b29c4c.png | https://sc04.alicdn.com/kf/Hbd51104cb797465ab748f6444ea618dfX.jpg | https://sc04.alicdn.com/kf/H92051cb19b6c430b8fae44c77ab43b52R.jpg,2400,5,934800716,False
1600547502066,XH1911 Movie Large Venom Carnage With Moving Tongue Enom Riot Brock Scream Building Blocks Action Figure Children Toy Gift,$1.10,1.1,,$1.10 / piece,10 pieces,USD,https://www.alibaba.com/product-detail/XH1911-Movie-Large-Venom-Carnage-With_1600547502066.html,https://sc04.alicdn.com/kf/Hb4a7fea72bea49d28d0c7043e069d4ebw/XH1911-Movie-Large-Venom-Carnage-With-Moving.jpg,https://sc04.alicdn.com/kf/Hb4a7fea72bea49d28d0c7043e069d4ebw/XH1911-Movie-Large-Venom-Carnage-With-Moving.jpg,https://sc04.alicdn.com/kf/Hb4a7fea72bea49d28d0c7043e069d4ebw/XH1911-Movie-Large-Venom-Carnage-With-Moving.jpg_350x350.jpg,https://sc04.alicdn.com/kf/Hb4a7fea72bea49d28d0c7043e069d4ebw/XH1911-Movie-Large-Venom-Carnage-With-Moving.jpg | https://sc04.alicdn.com/kf/H7b1b08be7fc54d7480e3bfdcd34a376fm/XH1911-Movie-Large-Venom-Carnage-With-Moving.jpg | https://sc04.alicdn.com/kf/H3f69914113df4bce9439123425043b41i/XH1911-Movie-Large-Venom-Carnage-With-Moving.jpg | https://sc04.alicdn.com/kf/He177e6505231464a918d4cbfbb83d5dch/XH1911-Movie-Large-Venom-Carnage-With-Moving.jpg | https://sc04.alicdn.com/kf/Hfeaab1ef691c44a285850ca0875f41dfW/XH1911-Movie-Large-Venom-Carnage-With-Moving.jpg,https://sc04.alicdn.com/kf/H6522c414061b4ec397db7a838ce61b0cH.png | https://sc04.alicdn.com/kf/H445d68f5f95747cf96797c0bc46972edc.jpg | https://sc04.alicdn.com/kf/Hd3d2186f71064bc58689a47728a5ce3a6.jpg | https://sc04.alicdn.com/kf/Hdd4ceebb704246b19bec8e96e3fa4bb1T.jpg | https://sc04.alicdn.com/kf/H40f5899119ef4338be265461e29bdf15G.jpg | https://sc04.alicdn.com/kf/H6d8f1d092e5f48f48b123899bc433f6aW.jpg | https://sc04.alicdn.com/kf/Ha12033bedcc74bf0aa9a46b1b04cf4c2t.jpg,0,2,915221587,False
1601213842238,G0173 Dead Pool Wolverines Patch Wolverinepool Masacre Zombie Dead Pool Mini Block Figures Toys Building Block Set,$0.40-0.55,0.4,,$0.40-0.55 / piece,10 pieces,USD,https://www.alibaba.com/product-detail/G0173-Dead-Pool-Wolverines-Patch-Wolverinepool_1601213842238.html,https://sc04.alicdn.com/kf/Hd422bcf2dd694f939e2125df0be36614i/G0173-Dead-Pool-Wolverines-Patch-Wolverinepool-Masacre.jpg,https://sc04.alicdn.com/kf/Hd422bcf2dd694f939e2125df0be36614i/G0173-Dead-Pool-Wolverines-Patch-Wolverinepool-Masacre.jpg,https://sc04.alicdn.com/kf/Hd422bcf2dd694f939e2125df0be36614i/G0173-Dead-Pool-Wolverines-Patch-Wolverinepool-Masacre.jpg_350x350.jpg,https://sc04.alicdn.com/kf/Hd422bcf2dd694f939e2125df0be36614i/G0173-Dead-Pool-Wolverines-Patch-Wolverinepool-Masacre.jpg | https://sc04.alicdn.com/kf/H6b1c41c6d84f48e7ab8f443d53f2ee95h/G0173-Dead-Pool-Wolverines-Patch-Wolverinepool-Masacre.jpg | https://sc04.alicdn.com/kf/Hcecb7dbc2a33417e8129d2be5526b221V/G0173-Dead-Pool-Wolverines-Patch-Wolverinepool-Masacre.jpg | https://sc04.alicdn.com/kf/Hddf436e746f4438480b56d74690335d1d/G0173-Dead-Pool-Wolverines-Patch-Wolverinepool-Masacre.jpg | https://sc04.alicdn.com/kf/H24e469eacf564d89b35b992ce98d01971/G0173-Dead-Pool-Wolverines-Patch-Wolverinepool-Masacre.jpg,https://sc04.alicdn.com/kf/H6522c414061b4ec397db7a838ce61b0cH.png | https://sc04.alicdn.com/kf/H48be3f286eb0430a87816aa763f5e42bv.jpg | https://sc04.alicdn.com/kf/H499bc45c177c4450a88a2f8e4a23675d7.jpg | https://sc04.alicdn.com/kf/H66df262f7f0d46c89dada585f7fcc486f.jpg | https://sc04.alicdn.com/kf/H487278a185654caf94c807c6e80a3e2bY.jpg | https://sc04.alicdn.com/kf/Ha305306984544e0c981540b5f6e8440dd.jpg | https://sc04.alicdn.com/kf/Hf56440f409404822a1422a51db42df24L.jpg | https://sc04.alicdn.com/kf/H3e846743505343bf96439287ea29ae0bI.jpg | https://sc04.alicdn.com/kf/H64c8b2e8dc874ba2a50549d7d2013a79v.jpg,0,0,913829500,False
1601213931040,G0172 Dead Pool Wolverines Venompool Galactuspool Mini Block Figures Toys Building Block Set,$0.40-1.20,0.4,,$0.40-1.20 / piece,10 pieces,USD,https://www.alibaba.com/product-detail/G0172-Dead-Pool-Wolverines-Venompool-Galactuspool_1601213931040.html,https://sc04.alicdn.com/kf/Hb5f8e1340ed6468da8f9ced925b3cbe7L/G0172-Dead-Pool-Wolverines-Venompool-Galactuspool-Mini.jpg,https://sc04.alicdn.com/kf/Hb5f8e1340ed6468da8f9ced925b3cbe7L/G0172-Dead-Pool-Wolverines-Venompool-Galactuspool-Mini.jpg,https://sc04.alicdn.com/kf/Hb5f8e1340ed6468da8f9ced925b3cbe7L/G0172-Dead-Pool-Wolverines-Venompool-Galactuspool-Mini.jpg_350x350.jpg,https://sc04.alicdn.com/kf/Hb5f8e1340ed6468da8f9ced925b3cbe7L/G0172-Dead-Pool-Wolverines-Venompool-Galactuspool-Mini.jpg | https://sc04.alicdn.com/kf/He5efe3ff21504be4a08d9938c3321a47h/G0172-Dead-Pool-Wolverines-Venompool-Galactuspool-Mini.jpg | https://sc04.alicdn.com/kf/H55db810236174959a4f9f7f40df20f9d1/G0172-Dead-Pool-Wolverines-Venompool-Galactuspool-Mini.jpg | https://sc04.alicdn.com/kf/Hb18ba3e1bec84ffda78e32f59ccc518bE/G0172-Dead-Pool-Wolverines-Venompool-Galactuspool-Mini.jpg | https://sc04.alicdn.com/kf/H95aa01b49e4848dba71657a961eced03i/G0172-Dead-Pool-Wolverines-Venompool-Galactuspool-Mini.jpg,https://sc04.alicdn.com/kf/H6522c414061b4ec397db7a838ce61b0cH.png | https://sc04.alicdn.com/kf/H29f52598f0864b1d9cbb0bb6195052d5W.jpg | https://sc04.alicdn.com/kf/H6c213e58bff64cdc90bd623c7053f872H.jpg | https://sc04.alicdn.com/kf/Hea2382c59e7a469ca88934547aeae5b3u.jpg | https://sc04.alicdn.com/kf/Hc91fbf2f305e489587c7279b95a198919.jpg | https://sc04.alicdn.com/kf/H5f5ce862c1c444498d9f354fb7e64240O.jpg | https://sc04.alicdn.com/kf/H5aecd377fc0b4dc5bd2a1de1a9b0ad028.jpg | https://sc04.alicdn.com/kf/H6e638942ab87412d9833eb9176b8bfe4T.jpg | https://sc04.alicdn.com/kf/H39fae72df0ed4dedafa09a20967268807.jpg,0,2,913829500,False
1601212666293,Building Blocks Set Display Box,$0.11-1.46,0.11,,$0.11-1.46 / piece,10 pieces,USD,https://www.alibaba.com/product-detail/Building-Blocks-Set-Display-Box_1601212666293.html,https://sc04.alicdn.com/kf/H735daefb84d24183b2e6e23d6d1343e1D/Building-Blocks-Set-Display-Box.png,https://sc04.alicdn.com/kf/H735daefb84d24183b2e6e23d6d1343e1D/Building-Blocks-Set-Display-Box.png,https://sc04.alicdn.com/kf/H735daefb84d24183b2e6e23d6d1343e1D/Building-Blocks-Set-Display-Box.png_350x350.png,https://sc04.alicdn.com/kf/H735daefb84d24183b2e6e23d6d1343e1D/Building-Blocks-Set-Display-Box.png | https://sc04.alicdn.com/kf/H9e1b2634216746889ec9793e848486508/Building-Blocks-Set-Display-Box.png | https://sc04.alicdn.com/kf/Hea390d8d197a432e81d60824b9ab3d74v/Building-Blocks-Set-Display-Box.png,https://sc04.alicdn.com/kf/Hc8eeb4a5d78a481e991fd5c07a6eeab19.png | https://sc04.alicdn.com/kf/Hb7c1043d5d624cb89884aa825d976701T.png | https://sc04.alicdn.com/kf/H136340edca0b4d4598212f1b4759e76eq.png,158,2,913882209,True
1601135156077,DY601-DY634 Anime One Luffy Pieces Ace Boa Hancock Sanji Juguetes Mini Toys Building Blocks Sets Toys for Kids,$0.80-1,0.8,,$0.80-1 / piece,10 pieces,USD,https://www.alibaba.com/product-detail/DY601-DY634-Anime-One-Luffy-Pieces_1601135156077.html,https://sc04.alicdn.com/kf/H0d9d81342405479489963865e9208790K/DY601-DY634-Anime-One-Luffy-Pieces-Ace.jpg,https://sc04.alicdn.com/kf/H0d9d81342405479489963865e9208790K/DY601-DY634-Anime-One-Luffy-Pieces-Ace.jpg,https://sc04.alicdn.com/kf/H0d9d81342405479489963865e9208790K/DY601-DY634-Anime-One-Luffy-Pieces-Ace.jpg_350x350.jpg,https://sc04.alicdn.com/kf/H0d9d81342405479489963865e9208790K/DY601-DY634-Anime-One-Luffy-Pieces-Ace.jpg | https://sc04.alicdn.com/kf/H68aac65faa6a489d810514603a07a218w/DY601-DY634-Anime-One-Luffy-Pieces-Ace.jpg | https://sc04.alicdn.com/kf/H00522bfee43c482190eaee89b493c02fD/DY601-DY634-Anime-One-Luffy-Pieces-Ace.jpg | https://sc04.alicdn.com/kf/H05bf3b230f7840a884afc3f3433f2ca3R/DY601-DY634-Anime-One-Luffy-Pieces-Ace.jpg | https://sc04.alicdn.com/kf/H18b600e466a9421aaad5d7d259400e068/DY601-DY634-Anime-One-Luffy-Pieces-Ace.png,https://sc04.alicdn.com/kf/H32c16c1a5ebe4b9f8323c1b91b37ede2m.jpg | https://sc04.alicdn.com/kf/H6755d5ca85aa4456989bbfe607d28acek.jpg | https://sc04.alicdn.com/kf/H61632d7592ea456888366cdaf4748babO.jpg | https://sc04.alicdn.com/kf/H7521e7b6207b48719a4f468f5743f4a89.jpg | https://sc04.alicdn.com/kf/H816e79282e9f4f069d4a5aa96319c677l.jpg | https://sc04.alicdn.com/kf/H7447896b24be465380c68c462cee0eb26.jpg | https://sc04.alicdn.com/kf/H0707b9d6bb4948d890b96319e02dad827.jpg | https://sc04.alicdn.com/kf/H2ea9446b13fe48838ef82030e97f8b1dB.jpg | https://sc04.alicdn.com/kf/H3bf9385b9c744277b474da23ee0de44bb.jpg | https://sc04.alicdn.com/kf/H373009a1e44c4091b9f4433be3a610ebc.jpg | https://sc04.alicdn.com/kf/H25e46de809b04e31b7afbf2e3d088ec2V.jpg | https://sc04.alicdn.com/kf/Hea76ceec42bd430ba99709fd86a3c209N.jpg | https://sc04.alicdn.com/kf/H1f13feeceb75478086787ef54b3f88261.jpg | https://sc04.alicdn.com/kf/Hf2761d37b4c44f8fa176ea550a57f0c3g.jpg | https://sc04.alicdn.com/kf/H72d7ac500eb64334a199dd855f05144ep.jpg | https://sc04.alicdn.com/kf/Hbd3631dd248f45fda949a3c0e0c5f382P.jpg | https://sc04.alicdn.com/kf/Hea1be9ec767744f09c1110bca520fb3aw.jpg | https://sc04.alicdn.com/kf/H163156d547f24b1997cd5cab2cdbe2e4O.jpg | https://sc04.alicdn.com/kf/H2bbe9190960f497ebf61ca3fa02a7671g.jpg | https://sc04.alicdn.com/kf/H88094c492cc44a1787ffa64423243df2T.jpg | https://sc04.alicdn.com/kf/Hc55d91f4a2fe4ba39c91bb505c0060975.jpg | https://sc04.alicdn.com/kf/H60ff5d4a326a4a09b1a956171f7b29c4c.png | https://sc04.alicdn.com/kf/H37870b9926db4a868d5352ab0537fafaX.jpg | https://sc04.alicdn.com/kf/H5ea18c107e424ea3824f4b911ce36e72b.jpg,0,2,934800716,False
1601005851089,DT8901 Medieval Soldiers Military Teutonic Knights Hospitaller Knights Mini Character Building Block Figures Toys,$0.65-0.85,0.65,,$0.65-0.85 / piece,10 pieces,USD,https://www.alibaba.com/product-detail/DT8901-Medieval-Soldiers-Military-Teutonic-Knights_1601005851089.html,https://sc04.alicdn.com/kf/H140c039823f54eecb8daa5241e9c5956v/DT8901-Medieval-Soldiers-Military-Teutonic-Knights-Hospitaller.png,https://sc04.alicdn.com/kf/H140c039823f54eecb8daa5241e9c5956v/DT8901-Medieval-Soldiers-Military-Teutonic-Knights-Hospitaller.png,https://sc04.alicdn.com/kf/H140c039823f54eecb8daa5241e9c5956v/DT8901-Medieval-Soldiers-Military-Teutonic-Knights-Hospitaller.png_350x350.png,https://sc04.alicdn.com/kf/H140c039823f54eecb8daa5241e9c5956v/DT8901-Medieval-Soldiers-Military-Teutonic-Knights-Hospitaller.png | https://sc04.alicdn.com/kf/Hfe18cbdd2be64d61b77a171d4cbf85c5I/DT8901-Medieval-Soldiers-Military-Teutonic-Knights-Hospitaller.jpg | https://sc04.alicdn.com/kf/H62adfc00375d47bf81db1130545aa36f1/DT8901-Medieval-Soldiers-Military-Teutonic-Knights-Hospitaller.jpg | https://sc04.alicdn.com/kf/H0414825e5c4344d4a7f85f0a5d0392a7N/DT8901-Medieval-Soldiers-Military-Teutonic-Knights-Hospitaller.jpg | https://sc04.alicdn.com/kf/H0964c479bb194682972cca7bde1167e27/DT8901-Medieval-Soldiers-Military-Teutonic-Knights-Hospitaller.jpg,https://sc04.alicdn.com/kf/H6522c414061b4ec397db7a838ce61b0cH.png | https://sc04.alicdn.com/kf/H3ad6ccbc27494d10b0c9526caaef57ffg.jpg | https://sc04.alicdn.com/kf/H39d456034e4948e5b72b2dacff8179cba.jpg | https://sc04.alicdn.com/kf/H5d8b85fce0ae4913aa96aba9fa6f6fc1G.jpg | https://sc04.alicdn.com/kf/H87b465db3b84447aa13953373d05e17c1.jpg | https://sc04.alicdn.com/kf/Hc65e5a7bfe354d1a82b6dbfe3e395695Q.jpg | https://sc04.alicdn.com/kf/H816f0b229b7a4797b747205430ee874ck.jpg | https://sc04.alicdn.com/kf/H181811256cc542328ea89f8a159fb09bQ.jpg | https://sc04.alicdn.com/kf/H70188a21bc6247f8bed08ca526b88925K.jpg,0,2,930297681,False
1600989775004,MY606-610 Game SpaceMarines Space Wolves Iron Hands Raven Guard Salamanders Mini Collect Building Blocks Plastic Kids Gift Toys,$0.75-0.90,0.75,,$0.75-0.90 / piece,10 pieces,USD,https://www.alibaba.com/product-detail/MY606-610-Game-SpaceMarines-Space-Wolves_1600989775004.html,https://sc04.alicdn.com/kf/H6bac2793fbad43bca2a6dcfb900f1626U/MY606-610-Game-SpaceMarines-Space-Wolves-Iron.png,https://sc04.alicdn.com/kf/H6bac2793fbad43bca2a6dcfb900f1626U/MY606-610-Game-SpaceMarines-Space-Wolves-Iron.png,https://sc04.alicdn.com/kf/H6bac2793fbad43bca2a6dcfb900f1626U/MY606-610-Game-SpaceMarines-Space-Wolves-Iron.png_350x350.png,https://sc04.alicdn.com/kf/H6bac2793fbad43bca2a6dcfb900f1626U/MY606-610-Game-SpaceMarines-Space-Wolves-Iron.png | https://sc04.alicdn.com/kf/H2595547f65164d199063291d8f865cf3T/MY606-610-Game-SpaceMarines-Space-Wolves-Iron.jpg | https://sc04.alicdn.com/kf/Ha2844ef6af484960a962753e6adfec0cG/MY606-610-Game-SpaceMarines-Space-Wolves-Iron.jpg | https://sc04.alicdn.com/kf/Hbaffd4d275044ec0aa2ac1e5d68293dd5/MY606-610-Game-SpaceMarines-Space-Wolves-Iron.jpg | https://sc04.alicdn.com/kf/H36574133d99d4ddd9a2d40df4909473a7/MY606-610-Game-SpaceMarines-Space-Wolves-Iron.jpg,https://sc04.alicdn.com/kf/H6522c414061b4ec397db7a838ce61b0cH.png | https://sc04.alicdn.com/kf/H281550476ecd429fbacc4f4a9f0f6a394.jpg | https://sc04.alicdn.com/kf/H937b8bbeb9264bc8bc14d998384515aa9.jpg | https://sc04.alicdn.com/kf/Hccb49f3fa5a742bdb948eaede591d1feP.jpg | https://sc04.alicdn.com/kf/H58c9cf2acb4c458d8e85b89d1af953fd2.jpg | https://sc04.alicdn.com/kf/H9d7e3e0f6e6f432ea0bcfa83f0fddc94f.jpg,120,5,928800243,False
