group_name,category,stall_number,company_code,company_code_id,product_code,product_name,name,packaging,qty_per_carton,inner_box,outer_carton_length_cm,outer_carton_width_cm,outer_carton_height_cm,package_length_cm,package_width_cm,package_height_cm,volume_cbm,chargeable_unit_cn,gross_weight_kg,net_weight_kg,price,price_raw,priceValue,lower_price,higher_price,price/chargeable_unit,excel_row,priceRight,marketTag,tags,image,markdown,id,sku,href
TraditionalToys,Animal Yo-Yo,260112-260113,YS1153892,1153892,444,Animal Yo-Yo (24pcs whole box price),Animal Yo-Yo (24pcs whole box price),Display Box,32,0,86.0,31.0,54.0,28.5,6.0,20.0,0.144,5.08,32.0,31.0,USD $98.20,98.2,98.2,98.2,,19.311,506,32,0,"1153892, 444, Display Box",TraditionalToys/Animal Yo-Yo/260112-260113/Animal Yo-Yo (24pcs whole box price)/image/Animal Yo-Yo (24pcs whole box price).jpg,TraditionalToys/Animal Yo-Yo/260112-260113/Animal Yo-Yo (24pcs whole box price)/Animal Yo-Yo (24pcs whole box price).md,1153892-444-260112-260113-506,444,
TraditionalToys,Animal Yo-Yo,260112-260113,YS1153820,1153820,700,Animal Yo-Yo (24pcs whole box price),Animal Yo-Yo (24pcs whole box price),Display Box,32,0,86.0,31.0,55.0,28.3,20.0,6.0,0.147,5.17,31.0,29.0,USD $91.60,91.6,91.6,91.6,,17.71,505,32,0,"1153820, 700, Display Box",TraditionalToys/Animal Yo-Yo/260112-260113/Animal Yo-Yo (24pcs whole box price)/image/Animal Yo-Yo (24pcs whole box price).jpg,TraditionalToys/Animal Yo-Yo/260112-260113/Animal Yo-Yo (24pcs whole box price)/Animal Yo-Yo (24pcs whole box price).md,1153820-700-260112-260113-505,700,
TraditionalToys,Dinosaur Model,121107,YS1334162,1334162,BS009,Dinosaur Model (vinyl) (12pcs whole box price),Dinosaur Model (vinyl) (12pcs whole box price),Display Box,12,0,79.0,37.0,87.0,33.0,20.0,24.5,0.254,8.97,22.0,20.0,USD $157.00,157.0,157.0,157.0,,17.498,739,12,0,"1334162, BS009, Display Box",TraditionalToys/Dinosaur Model/121107/Dinosaur Model (vinyl) (12pcs whole box price)/image/Dinosaur Model (vinyl) (12pcs whole box price).jpg,TraditionalToys/Dinosaur Model/121107/Dinosaur Model (vinyl) (12pcs whole box price)/Dinosaur Model (vinyl) (12pcs whole box price).md,1334162-BS009-121107-739,BS009,
TraditionalToys,Dinosaur Model,121107,YS1334169,1334169,BS302,Dinosaur Model (pvc),Dinosaur Model (pvc),Display Box,192,0,59.0,24.0,57.0,27.0,5.5,4.0,0.081,2.85,26.0,24.0,USD $10.50,10.5,10.5,10.5,,3.672,740,192,0,"1334169, BS302, Display Box",TraditionalToys/Dinosaur Model/121107/Dinosaur Model (pvc)/image/Dinosaur Model (pvc).jpg,TraditionalToys/Dinosaur Model/121107/Dinosaur Model (pvc)/Dinosaur Model (pvc).md,1334169-BS302-121107-740,BS302,
TraditionalToys,Farm Model,121107,YS1334159,1334159,BS006,Farm Model (vinyl) (12pcs whole box price),Farm Model (vinyl) (12pcs whole box price),Display Box,12,2,79.0,37.0,87.0,33.0,20.0,24.5,0.254,8.97,28.0,26.0,USD $153.70,153.7,153.7,153.7,,17.134,736,12,2,"1334159, BS006, Display Box",TraditionalToys/Farm Model/121107/Farm Model (vinyl) (12pcs whole box price)/image/Farm Model (vinyl) (12pcs whole box price).jpg,TraditionalToys/Farm Model/121107/Farm Model (vinyl) (12pcs whole box price)/Farm Model (vinyl) (12pcs whole box price).md,1334159-BS006-121107-736,BS006,
TraditionalToys,Farm Model,121107,YS1334159,1334159,BS006,Farm Model (vinyl) (12pcs whole box price),Farm Model (vinyl) (12pcs whole box price),Display Box,12,2,79.0,37.0,87.0,33.0,20.0,24.5,0.254,8.97,28.0,26.0,USD $153.70,153.7,153.7,153.7,,17.134,735,12,2,"1334159, BS006, Display Box",TraditionalToys/Farm Model/121107/Farm Model (vinyl) (12pcs whole box price)/image/Farm Model (vinyl) (12pcs whole box price).jpg,TraditionalToys/Farm Model/121107/Farm Model (vinyl) (12pcs whole box price)/Farm Model (vinyl) (12pcs whole box price).md,1334159-BS006-121107-735,BS006,
TraditionalToys,Combo,170909,YS1722833,1722833,K3109-41,Combo,Combo,Window Box,9,0,112.0,40.0,56.0,64.5,12.0,38.5,0.251,8.85,16.0,14.0,USD $121.00,121.0,121.0,121.0,,13.671,1965,9,0,"1722833, K3109-41, Window Box",TraditionalToys/Combo/170909/Combo/image/Combo.jpg,TraditionalToys/Combo/170909/Combo/Combo.md,1722833-K3109-41-170909-1965,K3109-41,
TraditionalToys,Combo,170909,YS1722837,1722837,K3109-45,Combo,Combo,Window Box,9,0,112.0,40.0,56.0,64.5,12.0,38.5,0.251,8.85,15.0,13.0,USD $121.00,121.0,121.0,121.0,,13.671,1969,9,0,"1722837, K3109-45, Window Box",TraditionalToys/Combo/170909/Combo/image/Combo.jpg,TraditionalToys/Combo/170909/Combo/Combo.md,1722837-K3109-45-170909-1969,K3109-45,
TraditionalToys,Combo,170909,YS1722835,1722835,K3109-43,Combo,Combo,Window Box,9,0,112.0,40.0,56.0,64.5,12.0,38.5,0.251,8.85,17.3,15.3,USD $121.00,121.0,121.0,121.0,,13.671,1967,9,0,"1722835, K3109-43, Window Box",TraditionalToys/Combo/170909/Combo/image/Combo.jpg,TraditionalToys/Combo/170909/Combo/Combo.md,1722835-K3109-43-170909-1967,K3109-43,
TraditionalToys,Combo,170909,YS1722836,1722836,K3109-44,Combo,Combo,Window Box,9,0,112.0,40.0,56.0,64.5,12.0,38.5,0.251,8.85,16.9,14.9,USD $121.00,121.0,121.0,121.0,,13.671,1968,9,0,"1722836, K3109-44, Window Box",TraditionalToys/Combo/170909/Combo/image/Combo.jpg,TraditionalToys/Combo/170909/Combo/Combo.md,1722836-K3109-44-170909-1968,K3109-44,
TraditionalToys,Combo,170909,YS1722834,1722834,K3109-42,Combo,Combo,Window Box,9,0,112.0,40.0,56.0,64.5,12.0,38.5,0.251,8.85,16.4,14.4,USD $121.00,121.0,121.0,121.0,,13.671,1966,9,0,"1722834, K3109-42, Window Box",TraditionalToys/Combo/170909/Combo/image/Combo.jpg,TraditionalToys/Combo/170909/Combo/Combo.md,1722834-K3109-42-170909-1966,K3109-42,
TraditionalToys,Combo,170909,YS1722832,1722832,K3109-40,Combo,Combo,Window Box,9,0,96.0,37.0,73.0,72.0,10.5,36.0,0.259,9.15,16.0,14.0,USD $121.00,121.0,121.0,121.0,,13.223,1964,9,0,"1722832, K3109-40, Window Box",TraditionalToys/Combo/170909/Combo/image/Combo.jpg,TraditionalToys/Combo/170909/Combo/Combo.md,1722832-K3109-40-170909-1964,K3109-40,
TraditionalToys,Combo,170909,YS1722832,1722832,K3109-40,Combo,Combo,Window Box,9,0,96.0,37.0,73.0,72.0,10.5,36.0,0.259,9.15,16.0,14.0,USD $121.00,121.0,121.0,121.0,,13.223,1963,9,0,"1722832, K3109-40, Window Box",TraditionalToys/Combo/170909/Combo/image/Combo.jpg,TraditionalToys/Combo/170909/Combo/Combo.md,1722832-K3109-40-170909-1963,K3109-40,
TraditionalToys,Combo,170909,YS1491708,1491708,J3109-43,Combo,Combo,Window Box,9,0,112.0,40.0,56.0,64.5,12.0,38.5,0.251,8.85,16.1,14.4,USD $108.60,108.6,108.6,108.6,,12.267,1032,9,0,"1491708, J3109-43, Window Box",TraditionalToys/Combo/170909/Combo/image/Combo.jpg,TraditionalToys/Combo/170909/Combo/Combo.md,1491708-J3109-43-170909-1032,J3109-43,
TraditionalToys,Combo,170909,YS1491707,1491707,J3109-42,Combo,Combo,Window Box,9,0,112.0,40.0,56.0,64.5,12.0,38.5,0.251,8.85,16.1,14.4,USD $108.60,108.6,108.6,108.6,,12.267,1031,9,0,"1491707, J3109-42, Window Box",TraditionalToys/Combo/170909/Combo/image/Combo.jpg,TraditionalToys/Combo/170909/Combo/Combo.md,1491707-J3109-42-170909-1031,J3109-42,
TraditionalToys,Combo,170909,YS1491709,1491709,J3109-44,Combo,Combo,Window Box,9,0,112.0,40.0,56.0,64.5,12.0,38.5,0.251,8.85,15.2,13.5,USD $108.60,108.6,108.6,108.6,,12.267,1033,9,0,"1491709, J3109-44, Window Box",TraditionalToys/Combo/170909/Combo/image/Combo.jpg,TraditionalToys/Combo/170909/Combo/Combo.md,1491709-J3109-44-170909-1033,J3109-44,
TraditionalToys,Combo,170909,YS1491706,1491706,J3109-41,Combo,Combo,Window Box,9,0,112.0,40.0,56.0,64.5,12.0,38.5,0.251,8.85,16.1,14.4,USD $108.60,108.6,108.6,108.6,,12.267,1030,9,0,"1491706, J3109-41, Window Box",TraditionalToys/Combo/170909/Combo/image/Combo.jpg,TraditionalToys/Combo/170909/Combo/Combo.md,1491706-J3109-41-170909-1030,J3109-41,
TraditionalToys,Combo,170909,YS1133638,1133638,G3109-41,Combo,Combo,Window Box,9,0,111.0,39.5,66.0,64.5,12.0,38.5,0.289,10.21,16.1,14.4,USD $108.60,108.6,108.6,108.6,,10.633,485,9,0,"1133638, G3109-41, Window Box",TraditionalToys/Combo/170909/Combo/image/Combo.jpg,TraditionalToys/Combo/170909/Combo/Combo.md,1133638-G3109-41-170909-485,G3109-41,
TraditionalToys,Combo,170909,YS1133639,1133639,G3109-42,Combo,Combo,Window Box,9,0,111.0,39.5,66.0,64.5,12.0,38.5,0.289,10.21,16.1,14.4,USD $108.60,108.6,108.6,108.6,,10.633,486,9,0,"1133639, G3109-42, Window Box",TraditionalToys/Combo/170909/Combo/image/Combo.jpg,TraditionalToys/Combo/170909/Combo/Combo.md,1133639-G3109-42-170909-486,G3109-42,
TraditionalToys,Combo,170909,YS1133641,1133641,G3109-44,Combo,Combo,Window Box,9,0,111.0,39.5,66.0,64.5,12.0,38.5,0.289,10.21,16.1,14.4,USD $108.60,108.6,108.6,108.6,,10.633,488,9,0,"1133641, G3109-44, Window Box",TraditionalToys/Combo/170909/Combo/image/Combo.jpg,TraditionalToys/Combo/170909/Combo/Combo.md,1133641-G3109-44-170909-488,G3109-44,
TraditionalToys,Combo,170909,YS1133640,1133640,G3109-43,Combo,Combo,Window Box,9,0,111.0,39.5,66.0,64.5,12.0,38.5,0.289,10.21,16.1,14.4,USD $108.60,108.6,108.6,108.6,,10.633,487,9,0,"1133640, G3109-43, Window Box",TraditionalToys/Combo/170909/Combo/image/Combo.jpg,TraditionalToys/Combo/170909/Combo/Combo.md,1133640-G3109-43-170909-487,G3109-43,
TraditionalToys,Combo,170909,YS1722828,1722828,K3109-31,Combo,Combo,Window Box,12,0,66.0,52.0,87.0,64.5,12.5,28.0,0.299,10.54,17.0,15.0,USD $86.20,86.2,86.2,86.2,,8.17,1959,12,0,"1722828, K3109-31, Window Box",TraditionalToys/Combo/170909/Combo/image/Combo.jpg,TraditionalToys/Combo/170909/Combo/Combo.md,1722828-K3109-31-170909-1959,K3109-31,
TraditionalToys,Combo,170909,YS1722829,1722829,K3109-32,Combo,Combo,Window Box,12,0,66.0,52.0,87.0,64.5,12.5,28.0,0.299,10.54,17.6,15.6,USD $86.20,86.2,86.2,86.2,,8.17,1960,12,0,"1722829, K3109-32, Window Box",TraditionalToys/Combo/170909/Combo/image/Combo.jpg,TraditionalToys/Combo/170909/Combo/Combo.md,1722829-K3109-32-170909-1960,K3109-32,
TraditionalToys,Combo,170909,YS1722831,1722831,K3109-35,Combo,Combo,Window Box,12,0,66.0,52.0,87.0,64.5,12.5,28.0,0.299,10.54,17.6,15.6,USD $86.20,86.2,86.2,86.2,,8.17,1962,12,0,"1722831, K3109-35, Window Box",TraditionalToys/Combo/170909/Combo/image/Combo.jpg,TraditionalToys/Combo/170909/Combo/Combo.md,1722831-K3109-35-170909-1962,K3109-35,
TraditionalToys,Combo,170909,YS1722830,1722830,K3109-34,Combo,Combo,Window Box,12,0,66.0,52.0,87.0,64.5,12.5,28.0,0.299,10.54,18.2,16.2,USD $86.20,86.2,86.2,86.2,,8.17,1961,12,0,"1722830, K3109-34, Window Box",TraditionalToys/Combo/170909/Combo/image/Combo.jpg,TraditionalToys/Combo/170909/Combo/Combo.md,1722830-K3109-34-170909-1961,K3109-34,
TraditionalToys,Inertial Patrol Motorcycle,120643-120644,YS1076249,1076249,3623,Inertial Patrol Motorcycle (12pcs),Inertial Patrol Motorcycle (12pcs),Display Box,18,0,83.0,38.5,64.5,37.0,9.0,31.0,0.206,7.27,25.0,23.0,USD $87.90,87.9,87.9,87.9,,12.084,417,18,0,"1076249, 3623, Display Box",TraditionalToys/Inertial Patrol Motorcycle/120643-120644/Inertial Patrol Motorcycle (12pcs)/image/Inertial Patrol Motorcycle (12pcs).jpg,TraditionalToys/Inertial Patrol Motorcycle/120643-120644/Inertial Patrol Motorcycle (12pcs)/Inertial Patrol Motorcycle (12pcs).md,1076249-3623-120643-120644-417,3623,
TraditionalToys,Inertial Patrol Motorcycle,120643-120644,YS1076249,1076249,3623,Inertial Patrol Motorcycle (12pcs),Inertial Patrol Motorcycle (12pcs),Display Box,18,0,83.0,38.5,64.5,37.0,9.0,31.0,0.206,7.27,25.0,23.0,USD $87.90,87.9,87.9,87.9,,12.084,418,18,0,"1076249, 3623, Display Box",TraditionalToys/Inertial Patrol Motorcycle/120643-120644/Inertial Patrol Motorcycle (12pcs)/image/Inertial Patrol Motorcycle (12pcs).jpg,TraditionalToys/Inertial Patrol Motorcycle/120643-120644/Inertial Patrol Motorcycle (12pcs)/Inertial Patrol Motorcycle (12pcs).md,1076249-3623-120643-120644-418,3623,
TraditionalToys,Sound Inertia Renaissance-Double Head Magnetic,110717,YS1556031,1556031,RJ5516A,Sound Inertia Renaissance-Double Head Magnetic (single style),Sound Inertia Renaissance-Double Head Magnetic (single style),Display Box,24,0,64.0,57.0,50.0,63.6,9.4,12.1,0.182,6.44,20.0,18.0,USD $69.40,69.4,69.4,69.4,,10.765,1192,24,0,"1556031, RJ5516A, Display Box",TraditionalToys/Sound Inertia Renaissance-Double Head Magnetic/110717/Sound Inertia Renaissance-Double Head Magnetic (single style)/image/Sound Inertia Renaissance-Double Head Magnetic (single style).jpg,TraditionalToys/Sound Inertia Renaissance-Double Head Magnetic/110717/Sound Inertia Renaissance-Double Head Magnetic (single style)/Sound Inertia Renaissance-Double Head Magnetic (single style).md,1556031-RJ5516A-110717-1192,RJ5516A,
TraditionalToys,Pull Back Egg Truck,810308,YS1057144,1057144,2600A,Pull Back Egg Truck (display box),Pull Back Egg Truck (display box),Color Box,30,2,80.0,41.0,67.0,30.6,25.4,7.2,0.22,7.76,25.0,22.0,USD $81.10,81.1,81.1,81.1,,10.451,406,30,2,"1057144, 2600A, Color Box",TraditionalToys/Pull Back Egg Truck/810308/Pull Back Egg Truck (display box)/image/Pull Back Egg Truck (display box).jpg,TraditionalToys/Pull Back Egg Truck/810308/Pull Back Egg Truck (display box)/Pull Back Egg Truck (display box).md,1057144-2600A-810308-406,2600A,
TraditionalToys,Pull Back Egg Truck,810308,YS1057145,1057145,2600B,Pull Back Egg Truck (display box),Pull Back Egg Truck (display box),Color Box,30,2,80.0,41.0,67.0,30.6,25.4,7.2,0.22,7.76,25.0,22.0,USD $81.10,81.1,81.1,81.1,,10.451,407,30,2,"1057145, 2600B, Color Box",TraditionalToys/Pull Back Egg Truck/810308/Pull Back Egg Truck (display box)/image/Pull Back Egg Truck (display box).jpg,TraditionalToys/Pull Back Egg Truck/810308/Pull Back Egg Truck (display box)/Pull Back Egg Truck (display box).md,1057145-2600B-810308-407,2600B,
TraditionalToys,Pull Back Egg Truck,810308,YS1057202,1057202,2600C,Pull Back Egg Truck (display box),Pull Back Egg Truck (display box),Color Box,30,2,80.0,41.0,67.0,30.6,25.4,7.2,0.22,7.76,25.0,22.0,USD $81.10,81.1,81.1,81.1,,10.451,409,30,2,"1057202, 2600C, Color Box",TraditionalToys/Pull Back Egg Truck/810308/Pull Back Egg Truck (display box)/image/Pull Back Egg Truck (display box).jpg,TraditionalToys/Pull Back Egg Truck/810308/Pull Back Egg Truck (display box)/Pull Back Egg Truck (display box).md,1057202-2600C-810308-409,2600C,
TraditionalToys,Pull Back Egg Truck,810308,YS1057202,1057202,2600C,Pull Back Egg Truck (display box),Pull Back Egg Truck (display box),Color Box,30,2,80.0,41.0,67.0,30.6,25.4,7.2,0.22,7.76,25.0,22.0,USD $81.10,81.1,81.1,81.1,,10.451,410,30,2,"1057202, 2600C, Color Box",TraditionalToys/Pull Back Egg Truck/810308/Pull Back Egg Truck (display box)/image/Pull Back Egg Truck (display box).jpg,TraditionalToys/Pull Back Egg Truck/810308/Pull Back Egg Truck (display box)/Pull Back Egg Truck (display box).md,1057202-2600C-810308-410,2600C,
TraditionalToys,PVC Bagged Dinosaur,230206,YS0792423,0792423,XY01629,PVC Bagged Dinosaur (including dinosaur bones),PVC Bagged Dinosaur (including dinosaur bones),PVC Header Bag,96,0,52.0,35.0,44.0,17.5,24.0,3.0,0.08,2.83,21.5,20.5,USD $20.80,20.8,20.8,20.8,,7.318,236,96,0,"0792423, XY01629, PVC Header Bag",TraditionalToys/PVC Bagged Dinosaur/230206/PVC Bagged Dinosaur (including dinosaur bones)/image/PVC Bagged Dinosaur (including dinosaur bones).jpg,TraditionalToys/PVC Bagged Dinosaur/230206/PVC Bagged Dinosaur (including dinosaur bones)/PVC Bagged Dinosaur (including dinosaur bones).md,0792423-XY01629-230206-236,XY01629,
TraditionalToys,PVC Bagged Dinosaur,230206,YS0641303,0641303,XY01628,PVC Bagged Dinosaur (including dinosaur bones) (cpc),PVC Bagged Dinosaur (including dinosaur bones) (cpc),PVC Header Bag,96,0,52.0,35.0,44.0,17.5,4.0,24.0,0.08,2.83,22.0,21.0,USD $20.80,20.8,20.8,20.8,,7.318,170,96,0,"0641303, XY01628, PVC Header Bag",TraditionalToys/PVC Bagged Dinosaur/230206/PVC Bagged Dinosaur (including dinosaur bones) (cpc)/image/PVC Bagged Dinosaur (including dinosaur bones) (cpc).jpg,TraditionalToys/PVC Bagged Dinosaur/230206/PVC Bagged Dinosaur (including dinosaur bones) (cpc)/PVC Bagged Dinosaur (including dinosaur bones) (cpc).md,0641303-XY01628-230206-170,XY01628,
TraditionalToys,PVC Bagged Dinosaur,230206,YS0792424,0792424,XY01630,PVC Bagged Dinosaur (including dinosaur bones),PVC Bagged Dinosaur (including dinosaur bones),PVC Header Bag,96,0,52.0,35.0,44.0,17.5,24.0,3.0,0.08,2.83,24.5,23.5,USD $20.80,20.8,20.8,20.8,,7.318,237,96,0,"0792424, XY01630, PVC Header Bag",TraditionalToys/PVC Bagged Dinosaur/230206/PVC Bagged Dinosaur (including dinosaur bones)/image/PVC Bagged Dinosaur (including dinosaur bones).jpg,TraditionalToys/PVC Bagged Dinosaur/230206/PVC Bagged Dinosaur (including dinosaur bones)/PVC Bagged Dinosaur (including dinosaur bones).md,0792424-XY01630-230206-237,XY01630,
TraditionalToys,PVC Bagged Dinosaur,230206,YS0641301,0641301,XY01626,PVC Bagged Dinosaur (including dinosaur bones) (cpc),PVC Bagged Dinosaur (including dinosaur bones) (cpc),PVC Header Bag,96,0,52.0,35.0,44.0,17.5,4.0,24.0,0.08,2.83,22.0,21.0,USD $20.80,20.8,20.8,20.8,,7.318,168,96,0,"0641301, XY01626, PVC Header Bag",TraditionalToys/PVC Bagged Dinosaur/230206/PVC Bagged Dinosaur (including dinosaur bones) (cpc)/image/PVC Bagged Dinosaur (including dinosaur bones) (cpc).jpg,TraditionalToys/PVC Bagged Dinosaur/230206/PVC Bagged Dinosaur (including dinosaur bones) (cpc)/PVC Bagged Dinosaur (including dinosaur bones) (cpc).md,0641301-XY01626-230206-168,XY01626,
TraditionalToys,PVC Bagged Dinosaur,230206,YS0641300,0641300,XY01625,PVC Bagged Dinosaur (including dinosaur bones) (cpc),PVC Bagged Dinosaur (including dinosaur bones) (cpc),PVC Header Bag,96,0,52.0,35.0,44.0,17.5,4.0,24.0,0.08,2.83,22.0,21.0,USD $20.80,20.8,20.8,20.8,,7.318,167,96,0,"0641300, XY01625, PVC Header Bag",TraditionalToys/PVC Bagged Dinosaur/230206/PVC Bagged Dinosaur (including dinosaur bones) (cpc)/image/PVC Bagged Dinosaur (including dinosaur bones) (cpc).jpg,TraditionalToys/PVC Bagged Dinosaur/230206/PVC Bagged Dinosaur (including dinosaur bones) (cpc)/PVC Bagged Dinosaur (including dinosaur bones) (cpc).md,0641300-XY01625-230206-167,XY01625,
TraditionalToys,PVC Bagged Dinosaur,230206,YS0641302,0641302,XY01627,PVC Bagged Dinosaur (including dinosaur bones) (cpc),PVC Bagged Dinosaur (including dinosaur bones) (cpc),PVC Header Bag,96,0,52.0,35.0,44.0,17.5,4.0,24.0,0.08,2.83,22.0,21.0,USD $20.80,20.8,20.8,20.8,,7.318,169,96,0,"0641302, XY01627, PVC Header Bag",TraditionalToys/PVC Bagged Dinosaur/230206/PVC Bagged Dinosaur (including dinosaur bones) (cpc)/image/PVC Bagged Dinosaur (including dinosaur bones) (cpc).jpg,TraditionalToys/PVC Bagged Dinosaur/230206/PVC Bagged Dinosaur (including dinosaur bones) (cpc)/PVC Bagged Dinosaur (including dinosaur bones) (cpc).md,0641302-XY01627-230206-169,XY01627,
TraditionalToys,Sound Inertia Renaissance,110717,YS1276181,1276181,RJ5516,Sound Inertia Renaissance,Sound Inertia Renaissance,Display Box,36,0,56.5,37.5,75.0,35.5,8.4,11.8,0.159,5.61,16.5,15.0,USD $41.00,41.0,41.0,41.0,,7.306,631,36,0,"1276181, RJ5516, Display Box",TraditionalToys/Sound Inertia Renaissance/110717/Sound Inertia Renaissance/image/Sound Inertia Renaissance.jpg,TraditionalToys/Sound Inertia Renaissance/110717/Sound Inertia Renaissance/Sound Inertia Renaissance.md,1276181-RJ5516-110717-631,RJ5516,
TraditionalToys,Sound Inertia Renaissance,110717,YS1276181,1276181,RJ5516,Sound Inertia Renaissance,Sound Inertia Renaissance,Display Box,36,0,56.5,37.5,75.0,35.5,8.4,11.8,0.159,5.61,16.5,15.0,USD $41.00,41.0,41.0,41.0,,7.306,632,36,0,"1276181, RJ5516, Display Box",TraditionalToys/Sound Inertia Renaissance/110717/Sound Inertia Renaissance/image/Sound Inertia Renaissance.jpg,TraditionalToys/Sound Inertia Renaissance/110717/Sound Inertia Renaissance/Sound Inertia Renaissance.md,1276181-RJ5516-110717-632,RJ5516,
TraditionalToys,Clockwork Butterfly Love-Cello,240108-240109,YS1763126,1763126,2101,Clockwork Butterfly Love-Cello (152pcs),Clockwork Butterfly Love-Cello (152pcs),Color Box,96,0,63.0,33.5,76.0,24.0,16.0,4.0,0.16,5.66,30.0,28.0,USD $38.90,38.9,38.9,38.9,,6.856,2882,96,0,"1763126, 2101, Color Box",TraditionalToys/Clockwork Butterfly Love-Cello/240108-240109/Clockwork Butterfly Love-Cello (152pcs)/image/Clockwork Butterfly Love-Cello (152pcs).jpg,TraditionalToys/Clockwork Butterfly Love-Cello/240108-240109/Clockwork Butterfly Love-Cello (152pcs)/Clockwork Butterfly Love-Cello (152pcs).md,1763126-2101-240108-240109-2882,2101,
TraditionalToys,Clockwork Butterfly Love-Cello,240108-240109,YS1763126,1763126,2101,Clockwork Butterfly Love-Cello (152pcs),Clockwork Butterfly Love-Cello (152pcs),Color Box,96,0,63.0,33.5,76.0,24.0,16.0,4.0,0.16,5.66,30.0,28.0,USD $38.90,38.9,38.9,38.9,,6.856,2881,96,0,"1763126, 2101, Color Box",TraditionalToys/Clockwork Butterfly Love-Cello/240108-240109/Clockwork Butterfly Love-Cello (152pcs)/image/Clockwork Butterfly Love-Cello (152pcs).jpg,TraditionalToys/Clockwork Butterfly Love-Cello/240108-240109/Clockwork Butterfly Love-Cello (152pcs)/Clockwork Butterfly Love-Cello (152pcs).md,1763126-2101-240108-240109-2881,2101,
TraditionalToys,Dinosaur Gyro,230804-230805-230806,YS1112604,1112604,329-79,Dinosaur Gyro (gcc),Dinosaur Gyro (gcc),Window Box,30,2,96.5,35.0,100.0,47.0,32.0,6.0,0.338,11.92,31.0,28.0,USD $80.30,80.3,80.3,80.3,,6.73,448,30,2,"1112604, 329-79, Window Box",TraditionalToys/Dinosaur Gyro/230804-230805-230806/Dinosaur Gyro (gcc)/image/Dinosaur Gyro (gcc).jpg,TraditionalToys/Dinosaur Gyro/230804-230805-230806/Dinosaur Gyro (gcc)/Dinosaur Gyro (gcc).md,1112604-329-79-230804-230805-230806-448,329-79,
TraditionalToys,Dinosaur Gyro,230804-230805-230806,YS1112603,1112603,329-78,Dinosaur Gyro (gcc),Dinosaur Gyro (gcc),Window Box,36,2,80.0,42.0,91.0,42.5,25.5,6.5,0.306,10.79,25.0,22.0,USD $54.10,54.1,54.1,54.1,,5.011,447,36,2,"1112603, 329-78, Window Box",TraditionalToys/Dinosaur Gyro/230804-230805-230806/Dinosaur Gyro (gcc)/image/Dinosaur Gyro (gcc).jpg,TraditionalToys/Dinosaur Gyro/230804-230805-230806/Dinosaur Gyro (gcc)/Dinosaur Gyro (gcc).md,1112603-329-78-230804-230805-230806-447,329-78,
TraditionalToys,Dinosaur Gyro,230804-230805-230806,YS1112605,1112605,329-80,Dinosaur Gyro (gcc),Dinosaur Gyro (gcc),Window Box,36,2,80.0,42.0,91.0,42.0,25.5,6.5,0.306,10.79,25.0,22.0,USD $52.40,52.4,52.4,52.4,,4.849,449,36,2,"1112605, 329-80, Window Box",TraditionalToys/Dinosaur Gyro/230804-230805-230806/Dinosaur Gyro (gcc)/image/Dinosaur Gyro (gcc).jpg,TraditionalToys/Dinosaur Gyro/230804-230805-230806/Dinosaur Gyro (gcc)/Dinosaur Gyro (gcc).md,1112605-329-80-230804-230805-230806-449,329-80,
TraditionalToys,Dinosaur Gyro,230804-230805-230806,YS1112602,1112602,329-77,Dinosaur Gyro (gcc),Dinosaur Gyro (gcc),Window Box,36,2,80.0,42.0,91.0,42.5,6.5,25.5,0.306,10.79,25.0,22.0,USD $52.40,52.4,52.4,52.4,,4.849,446,36,2,"1112602, 329-77, Window Box",TraditionalToys/Dinosaur Gyro/230804-230805-230806/Dinosaur Gyro (gcc)/image/Dinosaur Gyro (gcc).jpg,TraditionalToys/Dinosaur Gyro/230804-230805-230806/Dinosaur Gyro (gcc)/Dinosaur Gyro (gcc).md,1112602-329-77-230804-230805-230806-446,329-77,
TraditionalToys,Dinosaur Gyro,230804-230805-230806,YS1112601,1112601,329-76,Dinosaur Gyro (gcc),Dinosaur Gyro (gcc),Window Box,36,2,80.0,42.0,91.0,42.5,6.5,25.5,0.306,10.79,24.0,21.0,USD $50.60,50.6,50.6,50.6,,4.687,444,36,2,"1112601, 329-76, Window Box",TraditionalToys/Dinosaur Gyro/230804-230805-230806/Dinosaur Gyro (gcc)/image/Dinosaur Gyro (gcc).jpg,TraditionalToys/Dinosaur Gyro/230804-230805-230806/Dinosaur Gyro (gcc)/Dinosaur Gyro (gcc).md,1112601-329-76-230804-230805-230806-444,329-76,
TraditionalToys,Dinosaur Gyro,230804-230805-230806,YS1112601,1112601,329-76,Dinosaur Gyro (gcc),Dinosaur Gyro (gcc),Window Box,36,2,80.0,42.0,91.0,42.5,6.5,25.5,0.306,10.79,24.0,21.0,USD $50.60,50.6,50.6,50.6,,4.687,445,36,2,"1112601, 329-76, Window Box",TraditionalToys/Dinosaur Gyro/230804-230805-230806/Dinosaur Gyro (gcc)/image/Dinosaur Gyro (gcc).jpg,TraditionalToys/Dinosaur Gyro/230804-230805-230806/Dinosaur Gyro (gcc)/Dinosaur Gyro (gcc).md,1112601-329-76-230804-230805-230806-445,329-76,
TraditionalToys,Insects And Animals,261003-261004,YS1710573,1710573,507-58,Insects And Animals (mingben box) (two mixed packs),Insects And Animals (mingben box) (two mixed packs),Benzene Box,36,2,68.5,33.0,81.0,22.0,15.0,12.5,0.183,6.46,22.0,20.0,USD $34.90,34.9,34.9,34.9,,5.399,1740,36,2,"1710573, 507-58, Benzene Box",TraditionalToys/Insects And Animals/261003-261004/Insects And Animals (mingben box) (two mixed packs)/image/Insects And Animals (mingben box) (two mixed packs).jpg,TraditionalToys/Insects And Animals/261003-261004/Insects And Animals (mingben box) (two mixed packs)/Insects And Animals (mingben box) (two mixed packs).md,1710573-507-58-261003-261004-1740,507-58,
TraditionalToys,Insects And Animals,261003-261004,YS1710572,1710572,507-57,Insects And Animals (mingben box),Insects And Animals (mingben box),Benzene Box,36,2,68.5,33.0,81.0,22.0,15.0,12.5,0.183,6.46,22.0,20.0,USD $32.30,32.3,32.3,32.3,,4.994,1739,36,2,"1710572, 507-57, Benzene Box",TraditionalToys/Insects And Animals/261003-261004/Insects And Animals (mingben box)/image/Insects And Animals (mingben box).jpg,TraditionalToys/Insects And Animals/261003-261004/Insects And Animals (mingben box)/Insects And Animals (mingben box).md,1710572-507-57-261003-261004-1739,507-57,
TraditionalToys,Inertia Simulation Vehicle Off-Road Truck,240316-240317,YS1742885,1742885,2098展示盒,Inertia Simulation Vehicle Off-Road Truck,Inertia Simulation Vehicle Off-Road Truck,Display Box,16,2,83.0,50.0,90.0,39.5,23.0,20.5,0.374,13.18,18.0,15.0,USD $48.00,48.0,48.0,48.0,,3.639,2353,16,2,"1742885, 2098展示盒, Display Box",TraditionalToys/Inertia Simulation Vehicle Off-Road Truck/240316-240317/Inertia Simulation Vehicle Off-Road Truck/image/Inertia Simulation Vehicle Off-Road Truck.jpg,TraditionalToys/Inertia Simulation Vehicle Off-Road Truck/240316-240317/Inertia Simulation Vehicle Off-Road Truck/Inertia Simulation Vehicle Off-Road Truck.md,1742885-2098展示盒-240316-240317-2353,2098展示盒,
TraditionalToys,Inertia Simulation Vehicle Off-Road Truck,240316-240317,YS1742884,1742884,93038展示盒,Inertia Simulation Vehicle Off-Road Truck,Inertia Simulation Vehicle Off-Road Truck,Display Box,16,2,83.0,50.0,90.0,39.5,23.0,20.5,0.374,13.18,18.0,15.0,USD $48.00,48.0,48.0,48.0,,3.639,2352,16,2,"1742884, 93038展示盒, Display Box",TraditionalToys/Inertia Simulation Vehicle Off-Road Truck/240316-240317/Inertia Simulation Vehicle Off-Road Truck/image/Inertia Simulation Vehicle Off-Road Truck.jpg,TraditionalToys/Inertia Simulation Vehicle Off-Road Truck/240316-240317/Inertia Simulation Vehicle Off-Road Truck/Inertia Simulation Vehicle Off-Road Truck.md,1742884-93038展示盒-240316-240317-2352,93038展示盒,
TraditionalToys,Farm,230813,YS1610692,1610692,55-5,Farm,Farm,PVC Header Bag,96,2,56.0,37.0,87.0,20.5,2.5,34.0,0.18,6.36,40.0,38.0,USD $22.90,22.9,22.9,22.9,,3.599,1321,96,2,"1610692, 55-5, PVC Header Bag",TraditionalToys/Farm/230813/Farm/image/Farm.jpg,TraditionalToys/Farm/230813/Farm/Farm.md,1610692-55-5-230813-1321,55-5,
